titulo;precio;ano;kilometraje;cilindrada;url
KTM 1090 Adventure “S” (2018), impecable, full + escape y silenciador Remus;$9.350.000;2018;20500;1.090;https://www.chilemotos.com/moto/68159/
Germania CG 250s;$1.850.000;2026;6300;250;https://www.chilemotos.com/moto/68139/
Venta de Moto Honda Dio;$1.200.000;2022;900;109;https://www.chilemotos.com/moto/68100/
Yamaha Xmax 300;$4.900.000;2024;2923;300;https://www.chilemotos.com/moto/67275/
Africa Twin Adventure Sport 2019;$10.800.000;2019;31000;1.000;https://www.chilemotos.com/moto/67280/
Bajaj Pulsar RS200 2020 – 13.000 km – Excelente estado;$2.200.000;2017;13000;200;https://www.chilemotos.com/moto/67262/
Bajaj Pulsar RS200 2020 – 13.000 km – Excelente estado;$2.200.000;2020;13200;200;https://www.chilemotos.com/moto/67245/
Bajaj Pulsar RS200 2020 – 13.000 km – Excelente estado;$2.200.000;2020;13300;200;https://www.chilemotos.com/moto/67249/
MOTOS ENDURO;$3.290;2025;0;85;https://www.chilemotos.com/moto/67237/
moto impecable único dueño;$4.300.000;2017;51;500;https://www.chilemotos.com/moto/67227/
Motorrad X-Type 200cc – Impecable y TRANSFERIBLE;$1.000.000;2019;1500;200;https://www.chilemotos.com/moto/67210/
Yamaha Virago XV;$3.500.000;1988;11955;750;https://www.chilemotos.com/moto/67204/
KTM 250 Adventure 2021;$3.200.000;2021;25000;250;https://www.chilemotos.com/moto/67200/
Yamaha FZ-25 A Negra Nueva;$3.399.998;2025;10;249;https://www.chilemotos.com/moto/67193/
Yamaha FZ-25 A Negra Nueva;$3.400.000;2025;0;249;https://www.chilemotos.com/moto/67191/
Moto BMW G310r;$3.900.000;2021;2000;313;https://www.chilemotos.com/moto/67134/
HONDA CB 160F XBLADE 2023;$1.800.000;2023;7152;160;https://www.chilemotos.com/moto/67124/
Moto enduro;$3.290.000;2025;1;85;https://www.chilemotos.com/moto/67117/
Pilder 400 (motor fundido);$1.000.000;2022;70000;400;https://www.chilemotos.com/moto/67109/
MOTOS DE ENDURO;$3.290.000;2025;0;85;https://www.chilemotos.com/moto/67112/
YAMAHA FZ 2.0 2016;$1.099.999;2015;54000;148;https://www.chilemotos.com/moto/67106/
Honda CB190R 190CC 2023;$1.850.000;2022;14;190;https://www.chilemotos.com/moto/67101/
HONDA CB 160F XBLADE 2023;$1.800.000;2023;7152;160;https://www.chilemotos.com/moto/67090/
HONDA CB 160F XBLADE 2023;$1.800.000;2023;7152;160;https://www.chilemotos.com/moto/67087/
Zontes 310v;$3.500.000;2022;10500;300;https://www.chilemotos.com/moto/67072/
HONDA CB 160F XBLADE 2023;$1.800.000;2023;7152;160;https://www.chilemotos.com/moto/67085/
Suzuki Gixxer 250 SF;$3.700.000;2024;16000;250;https://www.chilemotos.com/moto/67048/
2021 Lifan LF250 D;$2.000.000;2021;118;250;https://www.chilemotos.com/moto/67030/
2021 Lifan LF250 D;$2.000.000;2021;119;250;https://www.chilemotos.com/moto/67035/
Suzuki inazuma 250 excelente;$2.000.000;2013;50000;250;https://www.chilemotos.com/moto/67011/
Voge acx 300 2024;$2.100.000;2024;8400;300;https://www.chilemotos.com/moto/67007/
BMW F700 GS – 798cc;$6.500.000;2017;53138;798;https://www.chilemotos.com/moto/66977/
BMW F700 GS – 798cc;$6.500.000;2017;53300;798;https://www.chilemotos.com/moto/66973/
BMW F700 GS – 798 cc;$6.500.000;2017;53300;798;https://www.chilemotos.com/moto/66964/
Suzuki Gixxer 250 SF;$3.700.000;2024;16000;250;https://www.chilemotos.com/moto/66969/
BMW F700 GS – 798 cc;$6.500.000;2019;53300;798;https://www.chilemotos.com/moto/66960/
Suzuki Gixxer 250 SF;$3.700.000;2024;16000;250;https://www.chilemotos.com/moto/66959/
Suzuki Gixxer 250 SF;$3.700.000;2024;16000;250;https://www.chilemotos.com/moto/66955/
Suzuki Gixxer 250 SF negro matte.;$3.700.000;2024;160000;250;https://www.chilemotos.com/moto/66947/
Se vende Lifan KPT200, 2021, 11.000 Km;$1.950.000;2021;11000;200;https://www.chilemotos.com/moto/66941/
Venta moto Lifan KPT200;$1.950.000;2021;11000;200;https://www.chilemotos.com/moto/66936/
Venta moto Lifan KPT200;$1.950.000;2021;11000;200;https://www.chilemotos.com/moto/66932/
Vendo moto;$4.500.000;2022;31122;648;https://www.chilemotos.com/moto/66918/
Yamaha Tenere – año 2023 / full equipada, único dueño;$10.300.000;2023;62000;700;https://www.chilemotos.com/moto/66899/
Yamaha Ténéré 700 – Año 2023;$10.300.000;2023;62000;700;https://www.chilemotos.com/moto/66896/
Yamaha Ténéré 700 – Año 2023;$9.990.000;2023;62000;700;https://www.chilemotos.com/moto/66888/
Yamaha Ténéré 700 – Año 2023;$9.990.000;2021;61999;699;https://www.chilemotos.com/moto/66885/
Yamaha Fz16 – 153cc;$1.550.000;2018;14600;153;https://www.chilemotos.com/moto/66870/
Yamaha XTZ;$1.600;2024;8391;125;https://www.chilemotos.com/moto/66849/
EN VENTA MMOTO ELECTRICA MARCA NIU;$1.650.000;2021;1300;0;https://www.chilemotos.com/moto/66841/
Triumph Tiger 800xc 2015;$6.600.000;2015;38000;800;https://www.chilemotos.com/moto/66837/
GS 1200 Adventure Triple Black;$15.500.000;2017;48299;1.200;https://www.chilemotos.com/moto/66826/
Suzuki RMZ 250;$2.500.000;2013;60;250;https://www.chilemotos.com/moto/66817/
Honda XRE 300;$3.900.000;2022;15000;300;https://www.chilemotos.com/moto/66808/
GS 1200 Adventure;$15.500.000;2017;47600;1.200;https://www.chilemotos.com/moto/66794/
GS 1200 Adventure;$155.005.000;2017;48000;1.200;https://www.chilemotos.com/moto/66790/
Vendo moto honda elite con poco uso unica dueña;$600.000;2012;5136;125;https://www.chilemotos.com/moto/66757/
vendo moto con poco km unica dueña;$600;2013;6;125;https://www.chilemotos.com/moto/66755/
2024 BMW F 750 GS I New;$9.500.000;2024;15000;850;https://www.chilemotos.com/moto/66750/
Lifan KPT200;$1.200.000;2023;14500;200;https://www.chilemotos.com/moto/66693/
Dominar 400ug 2022;$2.900.000;2022;20000;400;https://www.chilemotos.com/moto/66658/
MOTORRAD TTX150 – AÑO 2022;$850;2022;11700;150;https://www.chilemotos.com/moto/66631/
Royal Enfield Hunter 350 2024;$2.950.000;2024;4600;350;https://www.chilemotos.com/moto/66616/
moto bajaj pulsar ns 200;$2.300.000;2023;10002;201;https://www.chilemotos.com/moto/66552/
Por cambio de cilindrada;$3.200.000;2020;38000;400;https://www.chilemotos.com/moto/66547/
Bajaj Dominar 400 2024 Potencia, estilo y confort premium Color Burdeo;$3.100.000;2024;15996;400;https://www.chilemotos.com/moto/66534/
Vendo moto Bajaj Pulsar 160 2025;$2.350.000;2025;5;160;https://www.chilemotos.com/moto/66513/
VENDO MOTO ZONGSHEN RX1;$1.680.000;2021;10898;200;https://www.chilemotos.com/moto/66477/
Joyaa a la venta;$3.000.000;2023;16500;350;https://www.chilemotos.com/moto/66435/
Se vende moto Euromot kd 150cc al día;$1.000.000;2021;24000;150;https://www.chilemotos.com/moto/66361/
VENDO MOTO EQUIPADA POCO USO UNICO DUEÑO DOCUMENTOS AL DIA;$1.650.000;2021;10900;200;https://www.chilemotos.com/moto/66158/
Keeway RK 150 año 2022 – 8.400 km – Excelente estado;$750.000;2022;8400;150;https://www.chilemotos.com/moto/66077/
Vendo Yamaha MT 03;$6.050.000;2023;10500;320;https://www.chilemotos.com/moto/65978/
Yamaha fz 150cc;$2.000.000;2025;670;150;https://www.chilemotos.com/moto/65837/
KTM 390 Adventure Equipada IMPECABLE Servicios realizados en KTM;$6.400.000;2023;12000;390;https://www.chilemotos.com/moto/65800/
Zongshen RX3;$1.800.000;2020;36000;250;https://www.chilemotos.com/moto/65774/
Suzuki inazuma 250;$2.500.000;2013;50000;250;https://www.chilemotos.com/moto/65734/
Vendo honda xr 600;;1992;12500;600;https://www.chilemotos.com/moto/65732/
Moto Suzuki GSX;$1.800.000;2021;59924;150;https://www.chilemotos.com/moto/65726/
Takasaki tk150gy;$700.000;2023;13000;150;https://www.chilemotos.com/moto/65713/
Yamaha xtz 125;$1.350.000;2023;12500;125;https://www.chilemotos.com/moto/65708/
Moto KTM Adventure 390 año 2022;$4.500.000;2022;18999;388;https://www.chilemotos.com/moto/65692/
Moto FZX 150 Neo Retro;$2.000;2025;9500;150;https://www.chilemotos.com/moto/65680/
Vendo Moto;$4;2019;17;250;https://www.chilemotos.com/moto/65669/
Moto Zongshen RX3S;$3.650.000;2023;7600;400;https://www.chilemotos.com/moto/65661/
Venta de Moto casi nueva;$1.700.000;2023;45;150;https://www.chilemotos.com/moto/65639/
Vendo moto Honda por apuro económico;$8.000;2025;3000;109;https://www.chilemotos.com/moto/65621/
moto bacan;$500;2001;500;500;https://www.chilemotos.com/moto/65619/
2022 SUNRA MIKU MAX;$880.000;2022;10;50;https://www.chilemotos.com/moto/65574/
vendo motocicleta deportiva;$2.600.000;2022;10000;150;https://www.chilemotos.com/moto/65566/
Se vende por urgencia;$1.650.000;2022;12900;250;https://www.chilemotos.com/moto/65553/
VENDO;$8.900.000;2016;22997;1.000;https://www.chilemotos.com/moto/65525/
YAMAHA XSR700 2020;$6.800.000;2020;15133;700;https://www.chilemotos.com/moto/65497/
Se vende Yamaha Fzx 150 2025;$2.000.000;2025;9000;150;https://www.chilemotos.com/moto/65485/
BMW gs 310;$3.800.000;2021;12000;310;https://www.chilemotos.com/moto/65388/
Vespa 300..un solo uso;$6.700.000;2025;30;300;https://www.chilemotos.com/moto/65332/
BMW C400 GT como nueva;$11.000.000;2022;1000;400;https://www.chilemotos.com/moto/65331/
Suzuki boulevard s40 (LS 650);$4.000.000;2018;6000;652;https://www.chilemotos.com/moto/67916/
Motoneta clásica, como nueva;$2.580.000;2023;2350;125;https://www.chilemotos.com/moto/67907/
Ducati Diavel 1260S 2022;$20.990.000;2022;5444;1.260;https://www.chilemotos.com/moto/66724/
Triumph tiger 850 sport 2023;$10.200.000;2023;15400;888;https://www.chilemotos.com/moto/66672/
Honda cb500 x;$5.300.000;2020;21000;500;https://www.chilemotos.com/moto/66644/
MOTORRAD TTX150 – AÑO 2022;$850.000;2022;11700;150;https://www.chilemotos.com/moto/66633/
Yamaha Nmax Connected 155;$3.100.000;2024;2000;155;https://www.chilemotos.com/moto/66612/
🛵 Vespa GTS 300 ABS – Año 2019 – Muy buen estado;$4.600.000;2019;24700;300;https://www.chilemotos.com/moto/66589/
Bajaj Dominar 250. Único dueño. Muy poco uso;$2.800.000;2022;2450;250;https://www.chilemotos.com/moto/66572/
Honda XR 250 Tornado;$2.500.000;2014;52920;249;https://www.chilemotos.com/moto/66516/
HUSQVARNA Svartpilen 250;$2.800.000;2021;50;250;https://www.chilemotos.com/moto/66494/
SYM 200 TAYWANESA CON NYECCION;$2.200;2023;6000;200;https://www.chilemotos.com/moto/66453/
BMW F850 Adventurer como nueva + adicionales;$14.000.000;2021;12772;850;https://www.chilemotos.com/moto/66431/
VENTA MOTO SUZUKI GZ150-A CHOPPER;$1.400.000;2019;6000;150;https://www.chilemotos.com/moto/66411/
Se vende BMW GS II 2024;$12.600.000;2024;19420;850;https://www.chilemotos.com/moto/66406/
Vendo Cuatrimoto;$750.000;2023;1;125;https://www.chilemotos.com/moto/66385/
BMW G310 GS;$5.700.000;2022;350;310;https://www.chilemotos.com/moto/66365/
Honda DIO 110;$1.200.000;2023;6700;110;https://www.chilemotos.com/moto/66347/
Por no uso se vende;$11.990.000;2025;5800;900;https://www.chilemotos.com/moto/66315/
BMW S1000 XR;$21.500.000;2025;1180;1.000;https://www.chilemotos.com/moto/66306/
2025 Moto Haojue Tr150s;$1.350.000;2025;3780;150;https://www.chilemotos.com/moto/66284/
Honda CB500X 2019 – Impecable – Uso diario – Full accesorios – Conversable;$4.000.000;2019;53900;471;https://www.chilemotos.com/moto/66257/
BMW 1250 Adventure HP;$17.990.550;2016;55000;1.247;https://www.chilemotos.com/moto/66249/
Zonsen Cyclone Ra2 2025 – 5.000 Km;$2.089.998;2025;5400;250;https://www.chilemotos.com/moto/66229/
Yamaha XTZ 2024 casi nueva | 820 km | GPS;$2.400.000;2024;820;150;https://www.chilemotos.com/moto/66214/
Moto Cyclone AR2;$2.200.000;2025;3000;250;https://www.chilemotos.com/moto/66184/
Oportunidad vendo Moto Honda Elite 125 año 2012;$600;2012;32545;125;https://www.chilemotos.com/moto/66005/
Royal enfield supernova blue a la venta;$3.600.000;2024;6000;350;https://www.chilemotos.com/moto/65997/
BMW F 850 GS 2024 – Moto Nueva;$11.300.000;2024;5000;853;https://www.chilemotos.com/moto/65908/
Suzuki Vstrom DL 650 2011;$5.500.000;2011;102497;650;https://www.chilemotos.com/moto/65882/
Yamaha FZ 150;$1.500.000;2022;17000;150;https://www.chilemotos.com/moto/65846/
Vendo Moto Suzuki RM 85cc – excelente estado – cambio por renovación.;$1.400.000;2017;1000;85;https://www.chilemotos.com/moto/65788/
Moto Suzuki GSX;$1.800.000;2021;6000;150;https://www.chilemotos.com/moto/65718/
Moto KTM Adventure 390 año 2022;$4.500.000;2022;19000;390;https://www.chilemotos.com/moto/65697/
Triumph Tiger 900 GT como nueva.;$12.500.000;2025;4560;900;https://www.chilemotos.com/moto/65691/
HARLEY DAVIDSON STREET BOB;$21.000.000;2018;2749;1.900;https://www.chilemotos.com/moto/65683/
Suzuki Vstrom DL650 2011;$4.700.000;2011;38000;650;https://www.chilemotos.com/moto/65583/
Yamaha R7;$9.300.000;2023;6750;689;https://www.chilemotos.com/moto/65578/
VENDO;$8.899.999;2014;23000;1.043;https://www.chilemotos.com/moto/65527/
Moto BMW F800GS Adventure 2016 Liberada;$9.500.000;2016;37900;800;https://www.chilemotos.com/moto/65513/
Vendo moto BMW2013;$4.800.000;2013;45000;111;https://www.chilemotos.com/moto/65454/
BMW F800 GS versión Trophy impecable;$8.590.000;2018;33999;800;https://www.chilemotos.com/moto/65403/
Vespa 300..un solo uso;$6.700.000;2025;50;300;https://www.chilemotos.com/moto/65361/
Bmw F750 Gs versión II;$9.500.000;2022;24000;853;https://www.chilemotos.com/moto/65352/
Cuatrimoto CF625 año 2014 papeles al día;$4.500.000;2014;4600;600;https://www.chilemotos.com/moto/64006/
Yamaha Xmax 300;$4.800.000;2022;3600;300;https://www.chilemotos.com/moto/64021/
Honda NAVI óptimas condiciones;$1.200.000;2022;9900;110;https://www.chilemotos.com/moto/64077/
NK 400 CF MOTO;$2.900.000;2022;19500;400;https://www.chilemotos.com/moto/64173/
Honda CB500X único dueño;$4.000.000;2017;47;500;https://www.chilemotos.com/moto/64360/
Venta Suzuki GSX 250 2025 600 kms;$3.750.000;2025;610;250;https://www.chilemotos.com/moto/64390/
KTM Duke 200 ( 2021 );$1.850.000;2021;74000;200;https://www.chilemotos.com/moto/64402/
Suzuki GSX 250 2025, 600 kms casi nueva;$3.650.000;2025;642;250;https://www.chilemotos.com/moto/64416/
Vendo Ktm 1290 R;$16.500;2022;34000;1.301;https://www.chilemotos.com/moto/64466/
Vendo Ktm 1290 R Super Adventur $16.500.000 Año 2022 35.XXX Km Cambio de aceite cada 7500 Km Mantención 30.000 Km recién realizada AlexMaster Transmision nueva Quickshifter Varios extras.;$16.500.000;2022;35;1.301;https://www.chilemotos.com/moto/64469/
Venta Moto BMW F900r;$8.000.020;2021;15;896;https://www.chilemotos.com/moto/64518/
Moto con sidecar;$13.490.000;2024;16000;700;https://www.chilemotos.com/moto/64613/
Motocicleta Honda XRE 300;$3.899.999;2023;9550;291;https://www.chilemotos.com/moto/64656/
Yamaha nmax conect;$2.700.000;2022;2200;155;https://www.chilemotos.com/moto/64668/
Impecable de lujo;$2.850.000;2023;18000;250;https://www.chilemotos.com/moto/64739/
Oportunidad , excelente estado;$2.850.000;2023;18000;250;https://www.chilemotos.com/moto/64741/
Vendo mi Suzuki Volty;$900.000;2002;0;250;https://www.chilemotos.com/moto/64820/
BMW F800GS 2016 Impecable Precio conversable;$8.000.000;2016;57;800;https://www.chilemotos.com/moto/64830/
hj,hj,;$56.456;25662;545;36.154;https://www.chilemotos.com/moto/64848/
EUROMOT KD 150CC;$1.200.000;2025;2200;150;https://www.chilemotos.com/moto/64938/
vendo moto Triumph Trident;$6.000.000;2022;25500;660;https://www.chilemotos.com/moto/65018/
TVS APACHE 200FI AÑO 2023;$1.600.000;2023;21279;200;https://www.chilemotos.com/moto/65038/
Ktm Duke 250;$2.750.000;2021;18000;250;https://www.chilemotos.com/moto/65141/
Ktm duke 250 2021;$2.600.000;2021;18000;250;https://www.chilemotos.com/moto/65144/
Se vende por cambio de cilindrada;$3.500.000;2021;11000;310;https://www.chilemotos.com/moto/65161/
Keeway 302c;$4.000.000;2024;1956;300;https://www.chilemotos.com/moto/65191/
Ktm Duke 250 año 2021;$2.600.000;2021;18000;250;https://www.chilemotos.com/moto/65147/
Se vende por apuro, papeles y mantenciones al día en la marca;$4.500.000;2021;36000;300;https://www.chilemotos.com/moto/65125/
Moto yamaha R3 nueva;$5.800.000;2025;17;321;https://www.chilemotos.com/moto/65103/
Mi amada moto fantástica;$5.800.000;2001;50;535;https://www.chilemotos.com/moto/65089/
voge 500 dsx;$4.100.000;2023;14600;499;https://www.chilemotos.com/moto/65024/
Yamaha nmax connect;$2.650.000;2022;2200;155;https://www.chilemotos.com/moto/65009/
Se vende honda navi al dia, como nueva;$1.100.000;2022;2500;125;https://www.chilemotos.com/moto/65002/
2023 CFMOTO 650 MT;$3.800.000;2023;19500;650;https://www.chilemotos.com/moto/64985/
KTM 390 Duke;$5.000.000;2023;156;399;https://www.chilemotos.com/moto/64961/
Se vende moto Yamaha R3 año 2024;$5.000.000;2024;4800;320;https://www.chilemotos.com/moto/64957/
Moto binelli trk 251;$2.980.000;2021;16700;250;https://www.chilemotos.com/moto/64912/
SCOOTER KYMCO;$2.000.000;2020;11000;300;https://www.chilemotos.com/moto/64873/
BMW F900 R 2025;$14.000.000;2025;890;900;https://www.chilemotos.com/moto/64861/
BMW F800GS 2016 Impecable Precio conversable;$8.000.000;2016;57;800;https://www.chilemotos.com/moto/64813/
BMW 1200 GS;$9.000.000;2014;97800;1.200;https://www.chilemotos.com/moto/64781/
Moto con Sidecar;$13.490.000;2024;16000;700;https://www.chilemotos.com/moto/64620/
Oportunidad;$2.850.000;2023;18000;250;https://www.chilemotos.com/moto/64744/
Kawasaky Versys;$4.380.000;2021;36600;300;https://www.chilemotos.com/moto/64685/
SUZUKI INAZUMA GW250;$1.800.000;2014;63865;250;https://www.chilemotos.com/moto/64671/
VENDO KAWASAKI NINJA 400 2022 AL DIA SIN CAIDAS VIÑA DEL MAR;$5.000.000;2022;0;400;https://www.chilemotos.com/moto/64657/
pulsar ns 200;$1.600.000;2021;20750;200;https://www.chilemotos.com/moto/64652/
Venta Moto BMW F900r;$8.000.000;2021;15000;900;https://www.chilemotos.com/moto/64521/
BMW F700 GS (798cc);$7.000.000;2016;51853;798;https://www.chilemotos.com/moto/64496/
Vendo moto Yamaha MT 300;$2.590.000;2018;55000;300;https://www.chilemotos.com/moto/64478/
Ktm 1290 R Super Adventure;$16.500.000;2022;35900;1.301;https://www.chilemotos.com/moto/64474/
SE VENDE Suzuki vstrom DL650 AL;$5.200.000;2012;54932;650;https://www.chilemotos.com/moto/64297/
Moto Papeles al Dia;$2.500.000;2022;12000;350;https://www.chilemotos.com/moto/64241/
VENDO MI MOTO;$6.000.000;2014;44580;789;https://www.chilemotos.com/moto/64232/
Moto rc200;$2.800.000;2024;7500;200;https://www.chilemotos.com/moto/64216/
Aprilia;$6.100.000;2009;11000;1.000;https://www.chilemotos.com/moto/64204/
CF MOTO TRG 650;$6.300.000;2021;0;649;https://www.chilemotos.com/moto/64194/
KTM 890 Adventure;$14.500.000;2024;6899;896;https://www.chilemotos.com/moto/64187/
VENDO MOTO VESPA IMPECABLE;$2.600.000;2022;2400;150;https://www.chilemotos.com/moto/64182/
Zontes GK 2024;$3.500.000;2040;7100;350;https://www.chilemotos.com/moto/64160/
Se Vende Moto KTM duke 200 NG;$2.850.000;2022;1272;200;https://www.chilemotos.com/moto/64152/
Moto casi nueva;$1.300.000;2020;1300;150;https://www.chilemotos.com/moto/64123/
MT03;$2.500.000;2018;67700;300;https://www.chilemotos.com/moto/64069/
Royal Enfield Interceptor 650 Chrome;$4.300.000;2019;4807;650;https://www.chilemotos.com/moto/64034/
AIDA Z3000 2022 Electrica;$1.200.000;2022;4000;0;https://www.chilemotos.com/moto/64002/
Honda NC750X;$7.800.000;2023;11200;750;https://www.chilemotos.com/moto/63997/
Moto Scooter Honda Dio 2022;$1.000.000;2022;33700;125;https://www.chilemotos.com/moto/63986/
YAMAHA MT03;$2.750.000;2018;50000;320;https://www.chilemotos.com/moto/63962/
Vendo Suzuki Gixxer 250 versión aniversario;$3.750.000;2025;100;250;https://www.chilemotos.com/moto/63941/
Moto Royal Enfield Metero 350 – Stellar black;$2.600.000;2022;5300;348;https://www.chilemotos.com/moto/63893/
Moto husqvarna 2021;$2.200.000;2021;27875;250;https://www.chilemotos.com/moto/63882/
Honda XRE 300 ADVENTURE 2022;$3.350.000;2022;3650;300;https://www.chilemotos.com/moto/63854/
Motoneta Eléctrica Estilo Vespa Gris claro;$1.100.000;2022;0;0;https://www.chilemotos.com/moto/63806/
Excelente moto pocas en color Rojo;$3.900.000;2021;24000;310;https://www.chilemotos.com/moto/63597/
Venta de moto casi nueva;$1.800.000;2022;300;200;https://www.chilemotos.com/moto/63719/
honda shadow 600cc;$3.800.000;1991;75000;600;https://www.chilemotos.com/moto/63690/
Honda CB Twister 125, año 2022, 4000 klm, papeles al dia;$1.100.000;2022;4000;125;https://www.chilemotos.com/moto/63537/
Suzuki Vstrom 250 exelente estado;$2.500.000;2019;26650;250;https://www.chilemotos.com/moto/63529/
BMW 850 GS II…. PRECIO ESPECIAL HASTA DICIEMBRE 2025 NEGOCIABLE;$13.000.000;2024;4400;853;https://www.chilemotos.com/moto/63515/
Honda poco uso;$1.900.000;2024;561;150;https://www.chilemotos.com/moto/63509/
Thiumph tiger 800 XCA top de linea;$9.500.000;2020;28000;800;https://www.chilemotos.com/moto/63499/
YAMAHA FZ150 AÑO 2023 – ¡IMPECABLE!AMAHA FZ150 AÑO 2023 – ¡IMPECABLE!;$1.650.000;2023;16000;150;https://www.chilemotos.com/moto/63474/
CF 300sr;$2.700.000;2023;28800;300;https://www.chilemotos.com/moto/63459/
BMW GS 1250 2023;$20.980.000;2023;21599;1.250;https://www.chilemotos.com/moto/63436/
2021 NIU uqi gt sport;$750.000;2021;4887;0;https://www.chilemotos.com/moto/63403/
Moto Yamaha NMAX 155;$2.300.000;2020;4490;155;https://www.chilemotos.com/moto/63399/
MOTO HONDA CRF250L;$2.500.000;2020;60000;250;https://www.chilemotos.com/moto/63386/
Suzuki GSX-R 600 | 2017;$10.200.000;2017;6000;600;https://www.chilemotos.com/moto/63377/
Vendo;$1.550.000;2021;8000;150;https://www.chilemotos.com/moto/63369/
Motocicleta Austríaca Cuidado Extremo;$7.800.000;2021;57983;799;https://www.chilemotos.com/moto/63360/
🏍️Suzuki GSX250FI 2024- 1125 km;$3.800.000;2024;1125;250;https://www.chilemotos.com/moto/63326/
🚨 SE VENDE MOTO INDIAN SCOUT 2023 – UNA JOYA SOBRE RUEDAS 🏍️💨;$13.700.000;2023;8000;1.200;https://www.chilemotos.com/moto/63321/
Benelli Leoncino 250 año 2021;$2.850.000;2021;2400;250;https://www.chilemotos.com/moto/63117/
Vendo Honda CB 190RI REPSOL;$1.500.000;2019;14210;190;https://www.chilemotos.com/moto/63078/
Corsa RZ335 con abs;$3.000.000;2023;21000;335;https://www.chilemotos.com/moto/63028/
CFMOTO 650GT, impecable.;$3.800.000;2023;18;650;https://www.chilemotos.com/moto/62956/
Vendo Moto fzN 150, calienta puños, dispositivo par carga de celulares, excelente estado llegar y trasferir + 2 cascos;$1.300.000;2020;32473;150;https://www.chilemotos.com/moto/62935/
Yamaha Nmax poco uso;$3.200.000;2024;970;155;https://www.chilemotos.com/moto/62851/
Moto Zontes X310;$2.000.000;2021;45000;312;https://www.chilemotos.com/moto/62795/
Gsx-r 150;$1.950.000;2022;60000;150;https://www.chilemotos.com/moto/62765/
MOTO BMW G 310 Gs 2022;$5.000.000;2022;769;310;https://www.chilemotos.com/moto/62750/
Moto Aprilia Shiver;$4.800.000;2014;19500;750;https://www.chilemotos.com/moto/62703/
Vendo Dominar 400 adventure;$3.400.000;2024;7000;400;https://www.chilemotos.com/moto/62686/
vendo Cb1000r;$8.500.000;2022;37129;998;https://www.chilemotos.com/moto/62535/
VENDO MOTO KTM 500;$3.100.000;2014;100;500;https://www.chilemotos.com/moto/62530/
Moto Germania Paine 125cc;$1.250.000;2022;5349;124;https://www.chilemotos.com/moto/62522/
Benelli Leoncino 250 – Año 2021;$2.900.000;2021;4225;250;https://www.chilemotos.com/moto/62504/
Yamaha fz 2016;$350.000;2016;144000;150;https://www.chilemotos.com/moto/62489/
Pulsar ns200 2014 a la venta;$1.000.000;2014;13340;200;https://www.chilemotos.com/moto/62488/
Voge 650 dsx;$4.650;2023;4000;650;https://www.chilemotos.com/moto/62449/
Por traslado Vendo mi Confiable Honda Cb250 Twister;$2.700.000;2023;16500;249;https://www.chilemotos.com/moto/62437/
Moto Harley Davidson excelente estado;$6.300.000;2006;100000;1.449;https://www.chilemotos.com/moto/62393/
Vendo Yamaha R6;$8.500.000;2015;44000;600;https://www.chilemotos.com/moto/62376/
moto Honda Nc750 x;$7.900.000;2024;1200;750;https://www.chilemotos.com/moto/62350/
Vendo moto;$1.290.000;2023;176;150;https://www.chilemotos.com/moto/62351/
Se vende por renovación;$4.500.000;2017;47232;500;https://www.chilemotos.com/moto/62334/
2019 Harley-Davidson Road King;$6.800.000;2019;20460;1.750;https://www.chilemotos.com/moto/62317/
TVS 310 Apache;$3.300.000;2023;2000;310;https://www.chilemotos.com/moto/62300/
KTM duke 200 (2023);$2.000.000;2023;4092;200;https://www.chilemotos.com/moto/62270/
Vendo moto marca keeway modificada tipo custom;$1.600.000;2012;22;200;https://www.chilemotos.com/moto/62248/
2019 BMW R-Series;$5.599.999;2019;1283;1.250;https://www.chilemotos.com/moto/62214/
2018 Kawasaki Vulcan 1700;$3.500.000;2018;663;1.700;https://www.chilemotos.com/moto/62210/
Moto excelentes condiciones;$1.900.000;2023;9000;153;https://www.chilemotos.com/moto/62174/
BMW R310 casi NUEVA 23’ y 203km;$4.499.000;2023;203;310;https://www.chilemotos.com/moto/62119/
HUSQVARNA SVARPILEN 250CC;$2.490.000;2022;11500;249;https://www.chilemotos.com/moto/61990/
Excelente estado, único dueño;$3.100.000;2018;55600;500;https://www.chilemotos.com/moto/61937/
Euromot Vintage Cafe 150 después de un choque;$500.000;2022;5000;150;https://www.chilemotos.com/moto/61914/
Venta moto;$3.500.000;2025;50;300;https://www.chilemotos.com/moto/61845/
BMW G310R;$3.800.000;2021;10100;313;https://www.chilemotos.com/moto/61814/
MOTO BMW F750 GS II;$9.850.000;2021;14500;853;https://www.chilemotos.com/moto/61795/
Royal Enfield Meteor 350 con Chaqueta, 2 casos y protecciones;$3.000.000;2023;12000;350;https://www.chilemotos.com/moto/61696/
KTM 390 ADVENTURE;$3.700.000;2020;31969;400;https://www.chilemotos.com/moto/61689/
Royal Enfield continental GT 650 2019;$3.800.000;2019;6500;650;https://www.chilemotos.com/moto/61671/
Vendo mi moto!!!;$2.700.000;2024;1775;250;https://www.chilemotos.com/moto/61632/
Se vende Moto Yamaha FZX 150 Cc;$2.200.000;2024;7687;150;https://www.chilemotos.com/moto/61557/
Se vende Moto Zontes 350E;$4.000.000;2025;120;350;https://www.chilemotos.com/moto/61561/
Vendo impecable Honda XR 150 2022 – Muchos extras – 25.800mil km;$1.450.000;2022;25800;150;https://www.chilemotos.com/moto/61551/
BMW G310 R;$4.400.000;2024;3450;310;https://www.chilemotos.com/moto/61545/
Ducati SCRAMBLER Icon Dark 2021;$8.500.000;2021;14360;800;https://www.chilemotos.com/moto/61520/
Venta monto Keeway Superlight;$1.300.000;2021;35000;200;https://www.chilemotos.com/moto/61522/
VOGE 250RR 2024;$3.100.000;2024;2000;230;https://www.chilemotos.com/moto/61473/
YAMAHA WR 2021;$5.200.000;2021;1470;250;https://www.chilemotos.com/moto/61447/
NK250 2025;$2.600.000;2025;6000;250;https://www.chilemotos.com/moto/61428/
Vendo moto;$2.750.000;2024;17;250;https://www.chilemotos.com/moto/61374/
Moto Bajaj Dominar 400 2023 único dueño lista para firmar;$3.000.000;2023;25000;400;https://www.chilemotos.com/moto/61342/
Moto Yamaha FZ S Oportunidad;$2.100.000;2023;15;150;https://www.chilemotos.com/moto/61336/
Harley Davidson;$18.000.000;2009;50000;1.650;https://www.chilemotos.com/moto/61302/
Kawasaki Z900 RS;$9.950.000;2021;8450;948;https://www.chilemotos.com/moto/61269/
Ducati Multistrada 1200 S – con varios extras;$10.980.000;2016;39000;1.200;https://www.chilemotos.com/moto/61260/
Vendo Moto VSTROM 650;$4.500.000;2009;38550;650;https://www.chilemotos.com/moto/61232/
2020 BMW C 400 X;$7.890.000;2020;700;350;https://www.chilemotos.com/moto/61228/
MOTO RX1;$1.800.000;2020;5600;200;https://www.chilemotos.com/moto/61223/
Aprilia SR160 – Impecable, solo 600 km!;$1.600.000;2023;600;160;https://www.chilemotos.com/moto/61198/
Vendo moto Yamaha nmax 155;$2.750.000;2023;260;155;https://www.chilemotos.com/moto/61174/
Muy buen estado, transferible papeles válidos hasta 2025;$1.600.000;2023;4511;125;https://www.chilemotos.com/moto/61126/
Moto BMW;$3.900.000;2021;17601;310;https://www.chilemotos.com/moto/61074/
Oportunidad Vendo por viaje Moto nueva Yamaha TRACER 9 GT JULIO 2024 casi sin uso solo 720 km recorridos , Moto adquirida en julio 2024 y casi no se usó por temas de traslado;$12.990.000;2024;720;889;https://www.chilemotos.com/moto/61004/
KTM Duke 200 2015;$1.700.000;2015;36;200;https://www.chilemotos.com/moto/60998/
OPORTUNIDAD!!! vendo KAWASAKI KXF 450;$1.800.000;2014;-1;450;https://www.chilemotos.com/moto/60971/
Moto electrica tipo Vespa;$650.000;2022;1800;0;https://www.chilemotos.com/moto/60878/
HONDA CRF450X año 2007 ESPECTACULAR;$2.899.997;2005;1000;450;https://www.chilemotos.com/moto/60868/
VENDO MI MOTO ROJA;$1.600.000;2022;5;200;https://www.chilemotos.com/moto/60936/
VENDO MI MOTO;$2.400.000;2020;1000;250;https://www.chilemotos.com/moto/60931/
Gran oportunidad, moto Yamaha FZ S año 2023 realmente nueva muy poco km 4000, además con slider protección de caídas se vende por poco uso, mantenciones al día en la marca.;$2.300.000;2023;4002;150;https://www.chilemotos.com/moto/60863/
Vendo por no uso;$6.000.000;2021;15;499;https://www.chilemotos.com/moto/60845/
Harley Davidson 2017 breakout;$21.000.000;2017;26500;1.690;https://www.chilemotos.com/moto/60829/
Tvs Raider 125cc 2024;$1.300.000;2024;515;125;https://www.chilemotos.com/moto/60781/
Moto casi nueva a la venta única dueña;$1.750.000;2022;5000;200;https://www.chilemotos.com/moto/60769/
Yamaha fz 250;$2.550.000;2023;10;250;https://www.chilemotos.com/moto/60700/
Moto scooter;$1.750.000;2023;5700;150;https://www.chilemotos.com/moto/58063/
Moto;$1.800.000;2022;1060;150;https://www.chilemotos.com/moto/60688/
Triumph Bonneville Bobber black nueva;$9.790.000;2020;4000;1.200;https://www.chilemotos.com/moto/60679/
SUZUKI VSTROM 650 año 2018.;$6.800.000;2018;106000;650;https://www.chilemotos.com/moto/60675/
Vendo takasaki 250 tme enduro;$1.450.000;2021;8;250;https://www.chilemotos.com/moto/60654/
Honda elite 125 cc 2021.;$1.000.000;2021;7000;125;https://www.chilemotos.com/moto/60645/
Moto Kawasaki Versys 650 año 2010;$4.700.000;2010;56000;650;https://www.chilemotos.com/moto/60635/
Vendo moto fz yamaha 150;$1.800.000;2023;8000;150;https://www.chilemotos.com/moto/57931/
vendo por apuro;$5.000.000;2013;89000;800;https://www.chilemotos.com/moto/57933/
CRF 150R;$2.600.000;2017;80;147;https://www.chilemotos.com/moto/57976/
Moto teken 250 cc único dueño;$1.700.000;2017;40;250;https://www.chilemotos.com/moto/58009/
Moto casi nueva gran oportunidad Husqvarna 250 svartpilen;$2.800.000;2021;4000;248;https://www.chilemotos.com/moto/58020/
Suzuki gz150 2015;$1.100.000;2015;23500;150;https://www.chilemotos.com/moto/57785/
Venta moto XTZ150;$1.600.000;2022;28000;150;https://www.chilemotos.com/moto/57805/
Ktm duke 250 año 2021;$2.300.000;2021;40000;250;https://www.chilemotos.com/moto/57815/
TIGER GT LOW 900;$10.200;2022;11000;900;https://www.chilemotos.com/moto/57890/
2024 um renegade comando;$3.100.000;2024;44;300;https://www.chilemotos.com/moto/57918/
triumph tiger 800 xc 2012;$5.000.000;2012;86500;800;https://www.chilemotos.com/moto/57929/
VESPA VXL150;$2.900.000;2019;6700;150;https://www.chilemotos.com/moto/57668/
MOTO CASI NUEVA;$12.500.000;2024;4070;800;https://www.chilemotos.com/moto/57679/
BMW 650 GS 2014 4.500 KM;$4.500.000;2014;-24;650;https://www.chilemotos.com/moto/57696/
Kayo tsd 110 cc;$1.090.000;2024;0;110;https://www.chilemotos.com/moto/57698/
Moto scooter electrica;$600.000;2015;0;50;https://www.chilemotos.com/moto/57704/
Moto rx3;$2.100.000;2021;17000;250;https://www.chilemotos.com/moto/57739/
Honda Shadow Spirit 750;$6.700.000;2006;41000;748;https://www.chilemotos.com/moto/57759/
Suzuki gz150 2015;$1.100.000;2015;23500;150;https://www.chilemotos.com/moto/57782/
Moto Cross Pioneer XF 200;$900.000;2009;27920;200;https://www.chilemotos.com/moto/57582/
Honda Storm 125;$650.000;2013;0;125;https://www.chilemotos.com/moto/57590/
Moto niu gova 03;$500.000;2022;16000;0;https://www.chilemotos.com/moto/57595/
PULSAR RS 200;$2.600;2023;7200;200;https://www.chilemotos.com/moto/57432/
KLR 650 – 2013 – Excelente Estado;$3.250.000;2013;35000;650;https://www.chilemotos.com/moto/57445/
KTM 250 ADVENTURE ABS;$3.500.000;2023;5100;249;https://www.chilemotos.com/moto/57490/
triumph tiger 800 xc 2012;$5.000.000;2012;85200;800;https://www.chilemotos.com/moto/57499/
Excelente moto Enduro;$1.100.000;2022;19500;150;https://www.chilemotos.com/moto/57505/
Excelente moto Enduro;$1.100.000;2022;19500;150;https://www.chilemotos.com/moto/57507/
“Moto Corsa MG 500 2022 – Como Nueva, Top Case Incluido, Mantención Reciente”;$5.100.000;2022;505;500;https://www.chilemotos.com/moto/57520/
Vendo moto italiana;$2.800.000;2019;1689;440;https://www.chilemotos.com/moto/57332/
Honda Cb500x 2023;$7.090.000;2023;7498;500;https://www.chilemotos.com/moto/57358/
HONDA XR 150 L;$1.700.000;2021;7000;150;https://www.chilemotos.com/moto/57380/
Vendo moto Honda 250 cc;$3.100.000;2024;110;250;https://www.chilemotos.com/moto/57389/
Elite FI Honda 2021 scooter 125;$1.400.000;2021;8900;125;https://www.chilemotos.com/moto/57396/
BMW FS 750 GS 1 NEW 2024;$10.500.000;2024;1000;850;https://www.chilemotos.com/moto/57404/
Vendo mi regalona;$2.600.000;2021;28000;250;https://www.chilemotos.com/moto/57419/
Moto semi nueva;$2.200.000;2023;1501;250;https://www.chilemotos.com/moto/57179/
YAMAHA WR250 F;$7.300.000;2024;0;250;https://www.chilemotos.com/moto/57188/
Moto triumph Tiger;$12.500.000;2022;27000;900;https://www.chilemotos.com/moto/57209/
Voge 300 Rally;$2.700.000;2022;17000;300;https://www.chilemotos.com/moto/57238/
KTM DUKE 250 2021;$2.650.000;2021;28000;250;https://www.chilemotos.com/moto/57305/
Se vende moto Yamaha fz150 año 2020;$1.250.000;2020;30000;150;https://www.chilemotos.com/moto/57060/
Vendo mi Yamaha R15;$2.650.360;2021;8500;150;https://www.chilemotos.com/moto/57075/
vendo moto usada unico dueño;$800.000;2020;4900;200;https://www.chilemotos.com/moto/57112/
2012 Vespa GTS 300 Super;$3.800.000;2012;10000;300;https://www.chilemotos.com/moto/57123/
Vendo moto Zonsheng RX3 250 año 2024;$3.200.000;2024;1800;250;https://www.chilemotos.com/moto/57126/
vendo moto;$2.500.000;2022;11500;411;https://www.chilemotos.com/moto/57173/
Se Vende;$2.000.000;2022;2870;160;https://www.chilemotos.com/moto/56946/
Yamaha FJR1300;$3.600.000;2007;31772;1.300;https://www.chilemotos.com/moto/56977/
Honda Xblade 160;$1.550.000;2022;20000;160;https://www.chilemotos.com/moto/56996/
Se vende Versys 300X;$3.600.000;2018;58000;300;https://www.chilemotos.com/moto/57002/
Vendo moto honda;$2.900.000;2022;4617;250;https://www.chilemotos.com/moto/57042/
Renegade soho;$1.800.000;2021;8900;150;https://www.chilemotos.com/moto/56852/
Kawasaki ninja Z1000SX;$6.500.000;2013;48000;1.000;https://www.chilemotos.com/moto/56854/
Moto Guzzi V7;$5.000.000;2014;31000;750;https://www.chilemotos.com/moto/56892/
Se vende Moto Yamaha XTZ 150;$2.000.000;2023;14500;150;https://www.chilemotos.com/moto/56894/
BMW GS 310;$3.789.999;2018;10000;310;https://www.chilemotos.com/moto/56900/
Motorrad R 150;$2.000.000;2021;11129;150;https://www.chilemotos.com/moto/56934/
Honda x blade 160 año 2021;$1.200.000;2021;26300;160;https://www.chilemotos.com/moto/56724/
MOTO VINTAGE 700CC. IMPORTACION;$7.590.000;1997;0;700;https://www.chilemotos.com/moto/56737/
Yamaha Enticer Exelente estado;$1.000.000;2013;10;125;https://www.chilemotos.com/moto/56761/
BENELLI 302 S, AÑO 2023, 3.700.000;$370.000;2023;6000;300;https://www.chilemotos.com/moto/56800/
HONDA NEW ELITE;$1.650.000;2021;2700;124;https://www.chilemotos.com/moto/56802/
BENELLI 302 S, AÑO 2023, 3.700.000;$350.000;2023;6000;302;https://www.chilemotos.com/moto/56803/
VENTA MOTO SUZUKI GZ-150 2020 CASI NUEVA (800 KM) UNICO DUEÑO;$1.800.000;2020;800;148;https://www.chilemotos.com/moto/56834/
Vendo mi Joya;$5.200.000;2010;112;699;https://www.chilemotos.com/moto/56644/
VENTA DE MOTOCICLETA HONDA XR 150 L / 2016;$1.300.000;2016;122000;150;https://www.chilemotos.com/moto/56648/
Moto Naked muy económicaa 150;$850.000;2023;4500;150;https://www.chilemotos.com/moto/56650/
moto BMW triple black;$19;2023;5600;992;https://www.chilemotos.com/moto/56675/
Euromot vintage café 150cc;$1.200.000;2023;3766;150;https://www.chilemotos.com/moto/56678/
Se vende Moto Excelente estado;$3.400.000;2021;-10;290;https://www.chilemotos.com/moto/56685/
Vendo por recambio;$4.000.000;2012;70000;650;https://www.chilemotos.com/moto/56704/
Honda x blade año 2021 en excelentes condiciones. La vendo por no uso.;$1.200.000;2021;26000;160;https://www.chilemotos.com/moto/56717/
BMW 800 GS adventure;$10.300.000;2017;30700;800;https://www.chilemotos.com/moto/56599/
Moto Eléctrica Super Soco;$1.600.000;2021;789;50;https://www.chilemotos.com/moto/56612/
Yamaha;$4.500.000;2008;39000;650;https://www.chilemotos.com/moto/56614/
Vendo Moto Benelli TRK 502 Asfaltica;$4.500.000;2019;29000;502;https://www.chilemotos.com/moto/56627/
Moto CB190R, 2021;$2.000.000;2021;21000;190;https://www.chilemotos.com/moto/56629/
BMW GTL – 2013 Espectacular!;$13.990.000;2013;13000;1.600;https://www.chilemotos.com/moto/56632/
Tenere 700 yamaha;$6.450.000;2015;35000;700;https://www.chilemotos.com/moto/56642/
Leoncino 500;$2.800.000;2018;20000;500;https://www.chilemotos.com/moto/56547/
Vendo FZn-150;$2.150.000;2022;6000;149;https://www.chilemotos.com/moto/56552/
YAMAHA BOLT 950;$7.000.000;2019;44000;950;https://www.chilemotos.com/moto/56559/
KTM DUKE 200 NG año 2023;$2.390.000;2023;8863;200;https://www.chilemotos.com/moto/56561/
KTM DUKE 200 NG año 2023;$23.900.000;2023;8863;200;https://www.chilemotos.com/moto/56565/
Yamaha RAPTOR 90 cc;$2.250.000;2021;0;90;https://www.chilemotos.com/moto/56571/
Moto Gilera GP 800 año 2009;$4.399.000;2009;44000;800;https://www.chilemotos.com/moto/56591/
vendo;$1.800.000;2021;11000;-1;https://www.chilemotos.com/moto/56452/
Vendo triumph Trident 660;$60.000.000;2022;23000;660;https://www.chilemotos.com/moto/56505/
como nueva suzuki multiproposito;$7.000.000;2022;60000;649;https://www.chilemotos.com/moto/56514/
Vendo Moto;$5.500.000;2003;113000;1.150;https://www.chilemotos.com/moto/56520/
Vendo Moto;$5.500.000;2003;113000;1.150;https://www.chilemotos.com/moto/56522/
Pulsar ns 200;$1.300.000;2019;5000;200;https://www.chilemotos.com/moto/56541/
Vendo moto hyosung;$2.800.000;2023;20000;300;https://www.chilemotos.com/moto/56375/
vendo;$1.800.000;2021;11000;-1;https://www.chilemotos.com/moto/56425/
Ktm rc200, 2020 como nueva;$2.500.000;2020;4900;200;https://www.chilemotos.com/moto/56358/
Moto Enduro Euromot Gxt 200;$800.000;2010;28000;200;https://www.chilemotos.com/moto/56356/
Honda CB300R;$3.200.000;2019;25000;300;https://www.chilemotos.com/moto/56340/
Vendo moto um renegade SPORT 300;$1.600.000;2017;20000;300;https://www.chilemotos.com/moto/56336/
Motocicleta Lifan k19;$1.750.000;2023;2550;200;https://www.chilemotos.com/moto/56328/
CFMOTO 250 se;$2.650.000;2023;7200;250;https://www.chilemotos.com/moto/56320/
Kymco Xcinting 400 cc;$2.600.000;2017;52000;400;https://www.chilemotos.com/moto/56311/
Moto Yamaha;$2.000.000;2023;7680;150;https://www.chilemotos.com/moto/56306/
Triumph Explorer 1200 Xca 2017;$8.999.998;2017;56000;1.200;https://www.chilemotos.com/moto/56299/
Honda XR 150L;$1.650.000;2019;6000;150;https://www.chilemotos.com/moto/56241/
Honda CBR 250R 2017;$2.500.000;2017;4500;250;https://www.chilemotos.com/moto/56097/
Vendo yamaha yz 450 fx;$4.000.000;2018;99999999;450;https://www.chilemotos.com/moto/56114/
Suzuki RMZ 450 cc +casco+botas;$4.200.000;2020;30;450;https://www.chilemotos.com/moto/56216/
Vendo Mi KLR650/2023;$6.800.000;2023;2800;650;https://www.chilemotos.com/moto/56226/
MOTO SIN USO;$5.000.000;2022;708;299;https://www.chilemotos.com/moto/55983/
vendo mi BMW 1200 GS;$12.000.000;2010;14800;1.200;https://www.chilemotos.com/moto/55988/
Venta de Moto;$850.000;2010;365245;150;https://www.chilemotos.com/moto/55991/
Vendo scooter honda dio 110cc 2022;$900;2022;13;110;https://www.chilemotos.com/moto/55996/
Moto Bajaj modelo Pulsar ns160;$1.500.000;2022;6100;160;https://www.chilemotos.com/moto/55998/
Moto bajaj;$1.999.000;2023;3400;200;https://www.chilemotos.com/moto/56063/
Zongshen RX1;$2.100.000;2023;878;200;https://www.chilemotos.com/moto/55899/
KTM 390 ADV 2020 31.000 km;$3.900.000;2020;31;373;https://www.chilemotos.com/moto/55907/
Triumph speed triple s;$11.500.000;2016;30997;1.050;https://www.chilemotos.com/moto/55916/
Yamaha XTZ 150;$2.000.000;2023;14355;150;https://www.chilemotos.com/moto/55921/
SUZUKI GSX 150;$1.900.000;2022;7160;150;https://www.chilemotos.com/moto/55934/
vendo moto por apuro;$2.200.000;2022;4400;300;https://www.chilemotos.com/moto/55939/
Honda crf 250r 2015 motocross;$3.550.000;2015;11111;250;https://www.chilemotos.com/moto/55943/
Scooter Honda impecable!;$1.600.000;2018;12;125;https://www.chilemotos.com/moto/55831/
Suzuki V-Strom DL 650 XA 2020;$8.300.000;2020;35999;649;https://www.chilemotos.com/moto/55845/
Vespa VXL 150;$2.200.000;2023;1500;150;https://www.chilemotos.com/moto/55869/
Moto Royal Enfield Meteor nueva;$3.200.000;2022;400;350;https://www.chilemotos.com/moto/55877/
Vespa Gts 300;$3.200.000;2017;0;300;https://www.chilemotos.com/moto/55881/
2018 Kawasaki Ninja ZX-10R;$5.000.000;2018;1694;998;https://www.chilemotos.com/moto/55895/
Ducati Multiestrada 1200 ST.;$13.500.000;2017;51;1.199;https://www.chilemotos.com/moto/55789/
Venta de Motococleta en exelente estado;$6.450.000;2022;3500;500;https://www.chilemotos.com/moto/55799/
moto lifan;$600;2023;7000;150;https://www.chilemotos.com/moto/55804/
Moto;$600.000;2023;7000;150;https://www.chilemotos.com/moto/55806/
BMW F 650 Gs 2006;$3.990.000;2006;69;650;https://www.chilemotos.com/moto/55823/
BMW F 650 Gs;$3.990.000;2206;69000;650;https://www.chilemotos.com/moto/55826/
BMW F 650 Gs;$3.990.000;2006;69000;650;https://www.chilemotos.com/moto/55828/
Moto eléctrica;$980;2023;2100;125;https://www.chilemotos.com/moto/55714/
Honda Falcon – muy buen estado;$2.800.000;2013;53;400;https://www.chilemotos.com/moto/55723/
MOTO;$5.000.000;2022;6000;650;https://www.chilemotos.com/moto/55732/
Honda Falcon – muy buen estado;$2.800.000;2013;53000;400;https://www.chilemotos.com/moto/55740/
Cuatrimoto Honda;$4.500.000;2017;0;0;https://www.chilemotos.com/moto/55744/
Honda CB190R 2018;$1.400.000;2018;18000;180;https://www.chilemotos.com/moto/55758/
Se vende moto;$2.300.000;2021;5318;200;https://www.chilemotos.com/moto/55768/
Honda XR 190;$2.000.000;2022;5450;190;https://www.chilemotos.com/moto/55606/
Vendo moto Honda Navi;$1.300.000;2023;1850;110;https://www.chilemotos.com/moto/55607/
DUKE 250 7 MIL KILOMETROS;$3.200.000;2023;6999;250;https://www.chilemotos.com/moto/55638/
KTM 390 Adventure 2022;$5.500.000;2022;5590;390;https://www.chilemotos.com/moto/55461/
Vendo moto benelli 180 S blanca;$2;2023;3;180;https://www.chilemotos.com/moto/55465/
Moto Scotter kymco Agility Rs;$700.000;2021;19000;125;https://www.chilemotos.com/moto/55483/
Zongshen Rx3;$2.700.000;2023;1600;250;https://www.chilemotos.com/moto/55537/
KTM adventure 250 año 2023;$3.750.000;2023;1900;250;https://www.chilemotos.com/moto/55538/
moto honda nc 750 x año 2019;$7;2019;26120;750;https://www.chilemotos.com/moto/55545/
Bajaj pulsar Ns200;$2.550.000;2024;2700;200;https://www.chilemotos.com/moto/55577/
TRIUMPH TIGER RALLY 900 IMPECABLE;$12.500.000;2022;10000;900;https://www.chilemotos.com/moto/54761/
Moto Scooter Aprilia unico dueño;$1.700.000;2023;579;0;https://www.chilemotos.com/moto/54787/
Moto;$700.000;2020;16500;150;https://www.chilemotos.com/moto/54821/
Honda Elit 3100 km;$599.000;2007;3100;125;https://www.chilemotos.com/moto/55346/
Honda Navi;$1.549.000;2022;2160;1.000;https://www.chilemotos.com/moto/55406/
Bajaj pulsar RS200;$2.400.000;2022;10500;200;https://www.chilemotos.com/moto/55459/
Vendo F GS 750 año 2021;$7.500.000;2021;15300;853;https://www.chilemotos.com/moto/54670/
PULSAR 150 2023;$1.250.000;2023;6588;1.495;https://www.chilemotos.com/moto/54689/
Loncin 125 cc 2021 lx76A;$570.000;2021;270000;125;https://www.chilemotos.com/moto/54705/
Vendo mi moto casi nueva en perfectas condiciones;$1.500.000;2024;618;250;https://www.chilemotos.com/moto/54714/
Vendo moto Yamaha XTZ 150 año 2022;$2;2022;1;150;https://www.chilemotos.com/moto/54729/
ktm 390 adventure;$4.100.000;2021;19;390;https://www.chilemotos.com/moto/54735/
2022 Yamaha MT03 Nueva 147 km;$5.100.000;2022;147;319;https://www.chilemotos.com/moto/53963/
Moto Benelli 752s;$5.500.000;2022;5000;754;https://www.chilemotos.com/moto/54592/
Vendo yamaha FZN 2.0 150cc en perfectas condiciones;$1.700.000;2022;6000;150;https://www.chilemotos.com/moto/54595/
vendo mi moto urgente por viaje;$2.000.000;2023;8500;200;https://www.chilemotos.com/moto/54618/
Corsa N335;$2.000.000;2022;8499;330;https://www.chilemotos.com/moto/54624/
Moto;$2.500.000;2012;0;250;https://www.chilemotos.com/moto/54634/
vendo Moto Regal Raptor;$950.000;2016;18000;150;https://www.chilemotos.com/moto/54645/
Aprilia SR MAX 300cc año 2017;$3.499.999;2017;11650;298;https://www.chilemotos.com/moto/53887/
RX3s – Zongshen;$3.200.000;2022;10500;400;https://www.chilemotos.com/moto/53893/
TVS Apache RTR 200;$1.300.000;2023;2500;200;https://www.chilemotos.com/moto/53930/
Venta de Moto con todo su Equipo;$4.700.000;2013;95;800;https://www.chilemotos.com/moto/53938/
401 Svartpilen – 32,000 kms –;$5.500.000;2021;32000;373;https://www.chilemotos.com/moto/53941/
Se vende BMW conversable;$6.000.000;2024;0;313;https://www.chilemotos.com/moto/53956/
Yamaha FZN 150;$1.600.000;2021;4276;150;https://www.chilemotos.com/moto/53744/
Se vende BMW sertao 650cc;$4.500.000;2012;79000;650;https://www.chilemotos.com/moto/53758/
Yamaha raptor 700;$7.500.000;2022;0;700;https://www.chilemotos.com/moto/53781/
Oferta única;$1.100.000;2022;1080;125;https://www.chilemotos.com/moto/53788/
Oferta única;$1.100.000;2022;1078;125;https://www.chilemotos.com/moto/53790/
Vendo conbersable;$43.000.000;2021;3877;330;https://www.chilemotos.com/moto/53807/
2016 Honda Falcon nx 400;$2.400.000;2016;62;400;https://www.chilemotos.com/moto/53445/
VENDO MOTO KEEWAY RK 150 CASI NUEVA;$900;2022;60;150;https://www.chilemotos.com/moto/53447/
Se vende Yamaha en perfecto estado;$950.000;2021;12800;125;https://www.chilemotos.com/moto/53501/
Moto eléctrica de 800w y batería 60v 20ah + 2 cascos;$600.000;2019;0;50;https://www.chilemotos.com/moto/53542/
Moto zongshen 150 cc Enduro;$1.550.000;2008;5000;150;https://www.chilemotos.com/moto/53647/
2023 Honda Crf-450r;$5.500;2023;1;450;https://www.chilemotos.com/moto/53705/
Oferta única;$1.100.000;2022;1080;125;https://www.chilemotos.com/moto/53735/
2017 Yamasaki motocicleta atv de 125 c.c.;$446.900;2017;1000;125;https://www.chilemotos.com/moto/53218/
2017 Yamasaki motocicleta atv de 125 c.c.;$446.989;2017;1000;125;https://www.chilemotos.com/moto/53220/
CF MOTO 400 /2022;$3.000.000;2022;13;399;https://www.chilemotos.com/moto/53234/
MOTO HONDA CB 190 R ROJA;$2.000.000;2021;4500;184;https://www.chilemotos.com/moto/53400/
Venta FZS Yamaha 2022;$2.000.000;2022;6100;150;https://www.chilemotos.com/moto/53422/
Vendo moto Keeway 150 casi nueva 60 km.;$900;2022;59;150;https://www.chilemotos.com/moto/53442/
VENDO MOTO KEEWAY 150 CASI NUEVA;$900;2022;60;150;https://www.chilemotos.com/moto/53444/
KTM RC 200;$2.000.000;2017;27000;200;https://www.chilemotos.com/moto/53047/
Venta de moto;$1.280.000;2021;0;125;https://www.chilemotos.com/moto/53061/
Vendo Moto seminueva;$750.000;2022;5000;1;https://www.chilemotos.com/moto/53110/
vendo moto pulsar Bajaj 200ns año 2023;$2.000.000;2022;43;200;https://www.chilemotos.com/moto/53142/
Honda Rebel, La Leyenda;$1.500.000;1988;0;250;https://www.chilemotos.com/moto/53180/
vendo espectacular moto, practicamente nueva;$20.000.000;2020;18000;1.600;https://www.chilemotos.com/moto/53208/
2017 Yamasaki motocicleta atv de 125 c.c.;$446.990;2017;1000;125;https://www.chilemotos.com/moto/53211/
2020 Yamaha Nmax 155;$2.250.000;2020;3450;155;https://www.chilemotos.com/moto/52947/
Se vende espectacular moto al día;$6.900.000;2016;48000;950;https://www.chilemotos.com/moto/52965/
Kawasaki KLX250 Excelente 8000 km;$2.500.000;2010;8200;250;https://www.chilemotos.com/moto/52988/
2018 Honda GL1800D;$4.900.000;2018;11900;1.833;https://www.chilemotos.com/moto/52991/
Suzuki GSXR 150;$2.800.000;2022;2900;150;https://www.chilemotos.com/moto/53010/
Moto Honda cb500x adventur;$4.400.000;2016;36000;500;https://www.chilemotos.com/moto/53033/
Keeway K light 202 año 2022;$1.700.000;2022;7850;200;https://www.chilemotos.com/moto/53042/
Honda CRF250L 2019 (con muchas extras);$3.100.000;2019;38500;250;https://www.chilemotos.com/moto/52795/
Honda CRF250L 2019 (con muchas extras);$3.100.000;2019;38500;250;https://www.chilemotos.com/moto/52805/
Vendo moto excelente estado;$23;2020;17000;1.650;https://www.chilemotos.com/moto/52911/
Vendo moto yamaha xjr 1300;$8.500.000;2001;45000;1.300;https://www.chilemotos.com/moto/52932/
venta moto Aprilia, modelo Pegaso 650, año 2010 impecable;$365.000;2010;104200;650;https://www.chilemotos.com/moto/52935/
Vendo mi consentida;$1.500.000;2022;13500;200;https://www.chilemotos.com/moto/52939/
SUZUKI GSXR150;$3.000.000;2020;9420;150;https://www.chilemotos.com/moto/52654/
Moto Yamaha XVS 950A;$5.500.000;2011;83231;800;https://www.chilemotos.com/moto/52664/
DOMINAR 400 2022;$2.800.000;2022;10800;400;https://www.chilemotos.com/moto/52730/
HYOSUN GT 650 R;$3.999.999;2014;11000;650;https://www.chilemotos.com/moto/52731/
Vendo KTM Duke 250 por subida de Cilindraje;$3.100.000;2022;10;250;https://www.chilemotos.com/moto/52733/
Honda cb 190;$1.500.000;2021;29000;190;https://www.chilemotos.com/moto/52747/
Yamaha MT03A año 2022;$4.300.000;2022;12000;321;https://www.chilemotos.com/moto/52785/
KTM EXC ENDURO 260HR;$4.200.000;2015;260;449;https://www.chilemotos.com/moto/52534/
VENDO MOTO NMAX 155;$2.800.000;2022;3100;155;https://www.chilemotos.com/moto/52539/
Se Vende Suzuki GSX250R;$2.800.000;2019;38000;250;https://www.chilemotos.com/moto/52564/
Euromoto Vintage Cafe 150 cc;$1.000.000;2022;1800;150;https://www.chilemotos.com/moto/52597/
Moto scooter;$1.200.000;2023;10;149;https://www.chilemotos.com/moto/52601/
Se vende moto Yamaha fzx;$2.100.000;2023;1300;1.500;https://www.chilemotos.com/moto/52622/
SE VENDE MOTO SEMI NUEVA POR APURO;$2.300.000;2023;5600;250;https://www.chilemotos.com/moto/52425/
honda Cb 300 R;$3.300.000;2019;33612;300;https://www.chilemotos.com/moto/52428/
Kawasaki vulcan classic 900;$10.500.000;2022;180;900;https://www.chilemotos.com/moto/52450/
Vendo moto por viaje;$4.500.000;2023;3200;650;https://www.chilemotos.com/moto/52497/
Oportunidad único dueño;$4.500.000;2023;3200;650;https://www.chilemotos.com/moto/52500/
Se vende moto, por no uso;$1.200.000;2023;56;150;https://www.chilemotos.com/moto/52527/
UM Renegade 200 Limited;$1.200.000;2014;195000;200;https://www.chilemotos.com/moto/52288/
Vendo hermosa fjr1300;$9.000.000;2011;86000;1.300;https://www.chilemotos.com/moto/52310/
Honda Cbr250 en venta por apuro;$1.200.000;2014;37000;250;https://www.chilemotos.com/moto/52328/
Vendo Moto;$2.600.000;2021;5000;350;https://www.chilemotos.com/moto/52347/
Moto Honda XR190L, año 2022;$2.350.000;2022;1837;190;https://www.chilemotos.com/moto/52373/
KTM ADVENTURE 390 2024;$6.000.000;2023;5000;373;https://www.chilemotos.com/moto/52399/
Moto Zongshen RX3S 400;$3.450.000;2021;3600;400;https://www.chilemotos.com/moto/52409/
vendo moto;$1.700.000;2021;13991;200;https://www.chilemotos.com/moto/52170/
ZONGSHEN ZSR 150;$700.000;2018;29000;150;https://www.chilemotos.com/moto/52173/
Zontes ZT155-G1 2022;$2.400.000;2021;20800;155;https://www.chilemotos.com/moto/52194/
ZONGSHEN ZSR 150;$650.000;2018;29000;150;https://www.chilemotos.com/moto/52242/
Moto usada;$560;2019;273;125;https://www.chilemotos.com/moto/52251/
Vendo mi Moto por upgrade 🙂;$6.500.000;2020;19981;500;https://www.chilemotos.com/moto/52075/
Vendo Moto Suzuki Gixxer Fi 150;$2.000.000;2022;1849;150;https://www.chilemotos.com/moto/52114/
Vendo Moto Aprilia modelo Pegaso 650cc;$3.990.000;2009;27000;650;https://www.chilemotos.com/moto/52125/
YAMAHA MT03 2021 UNICO DUEÑO;$45.000.000;2021;3400;3;https://www.chilemotos.com/moto/51950/
Yamaha 250 fx;$4.000.000;2016;100;250;https://www.chilemotos.com/moto/51961/
África Twin;$5.200.000;2001;102000;750;https://www.chilemotos.com/moto/51968/
Moto Houje KA 150cc;$1.163.999;2021;59000;150;https://www.chilemotos.com/moto/51974/
Yamaha FZ 250 2018;$1.390.000;2018;27500;250;https://www.chilemotos.com/moto/51999/
Honda xr150l año 2022;$1.600.000;2022;56000;150;https://www.chilemotos.com/moto/52010/
HARLEY-DAVIDSON 2022 Street bob 114;$19.000.000;2022;1900;1.868;https://www.chilemotos.com/moto/52028/
Moto Yamaha roja FZ con alforjas y cascos;$1.500.000;2016;5000;150;https://www.chilemotos.com/moto/52046/
honda xr;$1.000.000;2023;26800;125;https://www.chilemotos.com/moto/51779/
Harley-davidson;$8.250.000;2010;26919;900;https://www.chilemotos.com/moto/51818/
Se vende moto;$2.800.000;2023;12000;310;https://www.chilemotos.com/moto/51826/
YZ 125 AÑO 2023;$6.000.000;2023;0;125;https://www.chilemotos.com/moto/51849/
suzuki gz150;$1.400.000;2020;16000;149;https://www.chilemotos.com/moto/51864/
s;$211;2223;122;110;https://www.chilemotos.com/moto/51924/
Moto Casi Nueva;$1.249.999;2022;8;150;https://www.chilemotos.com/moto/51766/
venta moto honda CB500X;$5.500.000;2015;17000;500;https://www.chilemotos.com/moto/51772/
Vendo moto scootter cilindrada 300;$1.200.000;1997;39850;300;https://www.chilemotos.com/moto/51747/
Voge rally 300;$2.850.000;2022;5000;300;https://www.chilemotos.com/moto/51742/
TRIUMPH STREET TRIPLE 675;$4.800.000;2015;57000;675;https://www.chilemotos.com/moto/51705/
Dominar Adventure 400cc;$3.250.000;2023;4500;400;https://www.chilemotos.com/moto/51691/
Vendo moto;$750;2023;6000;150;https://www.chilemotos.com/moto/51684/
KTM Adventure 390 abs;$4.800.000;2021;6884;373;https://www.chilemotos.com/moto/51667/
Honda Cb 150 Invicta;;;;;https://www.chilemotos.com/moto/51657/
Vendo moto Suzuki VStrom 250cc Adventure 2020 único dueño;;;;;https://www.chilemotos.com/moto/51648/
RMZ 250;;;;;https://www.chilemotos.com/moto/51636/
Motorrad TTX 250 año 2022;;;;;https://www.chilemotos.com/moto/51613/
Moto TR-150S Haojue casi nueva 248km;;;;;https://www.chilemotos.com/moto/51623/
MOTO HONDA CBR R 250 AÑO 2018;;;;;https://www.chilemotos.com/moto/51626/
Se vende moto;;;;;https://www.chilemotos.com/moto/51628/
Moto BMW k 1600 GTL;$9.500.000;2011;45;1.600;https://www.chilemotos.com/moto/51634/
Pulsar RS 200;;;;;https://www.chilemotos.com/moto/51567/
Vendo Moto Triump Tiger XRT 2018- 18.000 Kms.;;;;;https://www.chilemotos.com/moto/51569/
Oportunidad Honda XR150 L 2016;;;;;https://www.chilemotos.com/moto/51574/
Loncin LX-250 15-A;;;;;https://www.chilemotos.com/moto/51576/
Vendo Moto scooter, excelente para ciudad.;;;;;https://www.chilemotos.com/moto/51579/
Moto honda Xre 300;;;;;https://www.chilemotos.com/moto/51581/
Benelli TNT 150;;;;;https://www.chilemotos.com/moto/51584/
vendo moto;;;;;https://www.chilemotos.com/moto/51399/
Yamaha R3 2018;;;;;https://www.chilemotos.com/moto/51459/
Se vende mi motito 4.100.000.-;;;;;https://www.chilemotos.com/moto/51476/
Benelli 302s, año 2023;$4.000.000;2023;3800;302;https://www.chilemotos.com/moto/51490/
Venta pulsar TD 150;;;;;https://www.chilemotos.com/moto/51494/
KTM 500 EXC-F, ano 2022;;;;;https://www.chilemotos.com/moto/51523/
Motocicleta Loncin LX150;;;;;https://www.chilemotos.com/moto/51553/
Aprilia etx 150cc 2018;$800.000;2018;40000;150;https://www.chilemotos.com/moto/50541/
Benelli 752 S;$5.999.999;2022;7997;750;https://www.chilemotos.com/moto/50548/
KTM RC200 ABS 2023;$3.650.000;2023;7059;200;https://www.chilemotos.com/moto/50603/
Vendo moto corsa n335cc;$2.200.000;2022;10000;335;https://www.chilemotos.com/moto/50640/
Vendo Kawasaki versys;$4.800.000;2015;74000;650;https://www.chilemotos.com/moto/50669/
Vendo moto enduro;$1.200.000;1993;0;250;https://www.chilemotos.com/moto/50704/
Vendo moto por no uso;$1.900.000;2022;3020;335;https://www.chilemotos.com/moto/51253/
Regal raptor Pilder 400;$2.800.000;2022;6100;400;https://www.chilemotos.com/moto/50425/
Wangye Matrix 150, 2019;$800;2019;6500;149;https://www.chilemotos.com/moto/50427/
HYOSUNG GD250N EXVID 2016;$2.200.000;2016;16860;250;https://www.chilemotos.com/moto/50465/
HONDA ELITE 125 NUEVA SIN USO;$1.499.955;2021;55;125;https://www.chilemotos.com/moto/50474/
Vendo Moto Yamaha FZN;$1.300.000;2021;45000;150;https://www.chilemotos.com/moto/50507/
Vendo moto HONDA CB500X;$4.900.000;2017;48000;500;https://www.chilemotos.com/moto/50522/
Motorrad Racer 250RR;$1.500.000;2015;2248;250;https://www.chilemotos.com/moto/50537/
Vendo excelente maquina;$6.200.000;2012;22998;1.000;https://www.chilemotos.com/moto/50295/
Triumph Trident 660 2023;$7.000.000;2023;8200;658;https://www.chilemotos.com/moto/50348/
Moto Aprillia SXR 160;$1.500.000;2022;100;160;https://www.chilemotos.com/moto/50360/
Moto Aprillia SXR 160;$1.500.000;2022;100;160;https://www.chilemotos.com/moto/50363/
Vendo moto HONDA CB500X;$5.000.000;2017;47500;500;https://www.chilemotos.com/moto/50423/
Honda repsol 190r;$1.250.000;2018;22400;190;https://www.chilemotos.com/moto/50143/
PULSAR 125 NS BAJAJ 2021;$1.100;2021;4300;0;https://www.chilemotos.com/moto/50146/
Motocicleta lifan enduro 150;$1.050.000;2023;10045;150;https://www.chilemotos.com/moto/50196/
ktm 390;$5.000.000;2021;1202;390;https://www.chilemotos.com/moto/50265/
MOTO HONDA CB1 TUF;$1.200.000;2019;490;125;https://www.chilemotos.com/moto/50276/
Vendo Moto Yamaha;$1.250.000;2021;410000;150;https://www.chilemotos.com/moto/50293/
Honda XR 190L;$2.600;2022;2900;190;https://www.chilemotos.com/moto/50068/
Moto Honda Xblade 160 año 2022;$1.590.000;2022;5800;162;https://www.chilemotos.com/moto/50079/
Aprovechar excelente kawasaki KLR 650 impecable;$3.700.000;2014;69999;650;https://www.chilemotos.com/moto/50083/
2016;$950.000;2016;48300;150;https://www.chilemotos.com/moto/50111/
Moto Suzuki Scrambler;$2.300.000;2016;5980;115;https://www.chilemotos.com/moto/50119/
Vendo Suzuki Vtrom 650cc , año2012;$5.300.000;2012;69000;650;https://www.chilemotos.com/moto/50132/
Versys X300 ABS;$5.190.000;2023;4500;300;https://www.chilemotos.com/moto/49953/
Suzuki intruder 150;$2.300.000;2022;10600;150;https://www.chilemotos.com/moto/49962/
Vendo moto;$700.000;2019;7800;125;https://www.chilemotos.com/moto/49964/
Vendo mi honda xr150;$1.500.000;2021;8000;150;https://www.chilemotos.com/moto/49973/
Moto scooter;$1.100.000;2023;76;125;https://www.chilemotos.com/moto/50033/
Se vende moto Pulsar;$1.300.000;2021;29000;150;https://www.chilemotos.com/moto/50038/
SE VENDE KPR200 0KM;$1.990.000;2023;0;200;https://www.chilemotos.com/moto/50065/
Vendo KTM RC 390 2023;$5.450.000;2023;1234;390;https://www.chilemotos.com/moto/49813/
2023 Bajaj Dominar;$3.799.997;2023;2465;400;https://www.chilemotos.com/moto/49837/
Triumph Trident 660 2022;$6.200.000;2022;3520;660;https://www.chilemotos.com/moto/49845/
Vendo por no uso;$1.400.000;2021;7000;150;https://www.chilemotos.com/moto/49861/
Vintage café un mes de uso;$1.100.000;2023;1050;150;https://www.chilemotos.com/moto/49905/
Suzuki SV650A 2022;$5.900.000;2022;22000;650;https://www.chilemotos.com/moto/49914/
CF Moto 150NK;$1.700.000;2021;30;150;https://www.chilemotos.com/moto/49930/
Yamaha Fzn 150;$1.500.000;2022;22000;150;https://www.chilemotos.com/moto/49729/
Yamaha Virago 535;$3.000.000;1998;555726;535;https://www.chilemotos.com/moto/49754/
Moto Honda XR 150;$1.600.000;2021;9700;149;https://www.chilemotos.com/moto/49763/
KAWASAKI KXF 450;$4.390.000;2018;0;450;https://www.chilemotos.com/moto/49771/
Kawasaki KX 450 – Perfecto estado;$4.350.000;2017;0;450;https://www.chilemotos.com/moto/49779/
VENDO SUSUKI GSX-R 2023 150CC;$2.700.000;2023;6800;150;https://www.chilemotos.com/moto/49795/
VENDO HONDA XRE 300;$4.200.000;2020;2600;300;https://www.chilemotos.com/moto/49806/
KTM RC 390 2023;$5.400.000;2023;1234;390;https://www.chilemotos.com/moto/49808/
Moto Honda XR 150;$1.600.000;2021;279;150;https://www.chilemotos.com/moto/49645/
Motos Honda 150XR;$1.600.000;2021;9700;149;https://www.chilemotos.com/moto/49650/
MOTO HONDA XR 150;$1.599.999;2021;9699;149;https://www.chilemotos.com/moto/49660/
Moto Honda XR 150;$1.599.999;2021;9700;149;https://www.chilemotos.com/moto/49663/
CF NK400;$3.200.000;2022;7000;400;https://www.chilemotos.com/moto/49686/
Oferton;$3.200.000;2022;7000;400;https://www.chilemotos.com/moto/49689/
Honda Xr150l 2018;$1.500.000;2018;3740;150;https://www.chilemotos.com/moto/49715/
2 MOTOS HONDA XR 150;$1.600.000;2021;283;147;https://www.chilemotos.com/moto/49609/
MOTOS HONDA XR 150;$1.600.000;2021;283;150;https://www.chilemotos.com/moto/49613/
MOTOS HONDA XR 150;$1.600.000;2021;277;150;https://www.chilemotos.com/moto/49616/
MOTOS HONDA XR 150;$1.600.000;2021;280;150;https://www.chilemotos.com/moto/49623/
MOTO HONDA XR 150;$1.600.000;2021;280;150;https://www.chilemotos.com/moto/49626/
Moto Honda XR150;$1.600.000;2021;280;150;https://www.chilemotos.com/moto/49629/
Moto Honda XR 150;$1.600.000;2021;279;150;https://www.chilemotos.com/moto/49635/
Honda twister 2022 con 1230 km;$1.350.000;2022;1236;125;https://www.chilemotos.com/moto/49496/
Honda twister 2022 con 1230 km;$1.350.000;2022;1232;125;https://www.chilemotos.com/moto/49498/
SUZUKI gsxs 750;$8.600.000;2020;32000;750;https://www.chilemotos.com/moto/49550/
honda transalp xlv 650;$4.000.000;2008;58500;650;https://www.chilemotos.com/moto/49557/
Moto Zontes T310 T2 Adventure;$3.300.000;2020;29;310;https://www.chilemotos.com/moto/49587/
Vendo moto fz25 año 2023;$2.900.000;2023;7222;250;https://www.chilemotos.com/moto/49600/
Me venden;$7;2016;42142;800;https://www.chilemotos.com/moto/49452/
Honda Xblade 160 2022;$1.500.000;2022;8000;160;https://www.chilemotos.com/moto/49453/
Vespa LX 150 3v ie Touring 2014;$3.000.000;2014;3900;150;https://www.chilemotos.com/moto/49467/
Matorrad MT 25;$1.250.000;2022;8039;250;https://www.chilemotos.com/moto/49487/
Pulsar NS160 Bajaj;$2.099.998;2020;6179;160;https://www.chilemotos.com/moto/49490/
Honda twister 2022 con 1230 km;$1.350.000;2022;1232;125;https://www.chilemotos.com/moto/49493/
Xr190l;$1.500.000;2021;310000;190;https://www.chilemotos.com/moto/49302/
Vendo bajaj pulsar ns200;$1.700.000;2021;13327;200;https://www.chilemotos.com/moto/49310/
Suzuki Gixxer 150cc.;$2.200.000;2022;8900;150;https://www.chilemotos.com/moto/49339/
Oferta Suzuki Gixxer 150cc;$1.850.000;2022;8900;150;https://www.chilemotos.com/moto/49343/
BENELLI TNT 250 cc;$1.550.000;2016;21800;250;https://www.chilemotos.com/moto/49369/
Se vende ktm duke250;$3.200.000;2023;1900;250;https://www.chilemotos.com/moto/49419/
honda cb500xa 2018;$5.500.000;2018;19420;500;https://www.chilemotos.com/moto/49441/
Euromot vintage cafe;$1.000.000;2021;7200;150;https://www.chilemotos.com/moto/49197/
Yamaha r15v3;$2.200.000;2022;7000;155;https://www.chilemotos.com/moto/49218/
Honda Nc750x 2022 16.000km;$7.900.000;2022;16100;750;https://www.chilemotos.com/moto/49233/
Yamaha XT 600 E;$4.250.000;2003;55999;599;https://www.chilemotos.com/moto/49234/
Dominar 250;$2.500.000;2021;25000;250;https://www.chilemotos.com/moto/49245/
KTM DUKE 250/ 2022 Nueva de fabrica.;$3.500.000;2022;3;250;https://www.chilemotos.com/moto/49254/
Lifan Sienna 150cc;$1.200.000;2020;3100;150;https://www.chilemotos.com/moto/49279/
Euromot Rex 150 2023 160 kilometros;$850.000;2022;160;150;https://www.chilemotos.com/moto/49055/
Moto Zongshen Rapid 125;$850.000;2019;40;125;https://www.chilemotos.com/moto/49056/
Honda twister 2022 con 1230 km;$1.450.000;2022;1235;125;https://www.chilemotos.com/moto/49063/
Yamaha fzn 150;$1.700.000;2022;5450;150;https://www.chilemotos.com/moto/49086/
Vendo moto;$2.000.000;2021;19397;150;https://www.chilemotos.com/moto/49107/
Moto Scooter Honda New Elite 125;$1.600.000;2022;52;124;https://www.chilemotos.com/moto/49113/
Loncin Lx250GY-3f enduro. Solo 486 klm.;$1.200.000;2023;486;250;https://www.chilemotos.com/moto/49140/
Se vende moto KTM Duke 250 año 2021;$1.700.000;2021;12124;250;https://www.chilemotos.com/moto/48931/
Honda Crossrunner;$6.100.000;2012;43000;800;https://www.chilemotos.com/moto/48961/
Se vende moto takazaki;$800;2023;7640;150;https://www.chilemotos.com/moto/48980/
Moto Honda Crf450r;$4.300.000;2016;0;4.500;https://www.chilemotos.com/moto/49024/
Yamaha R15 2015;$1.850.000;2014;22000;149;https://www.chilemotos.com/moto/49028/
BMW GS F800 Adventure;$11.000.000;2018;24000;800;https://www.chilemotos.com/moto/48754/
Vendo Pulsar N250;$2.650.000;2023;967;250;https://www.chilemotos.com/moto/48757/
Moto Honda;$1.400.000;2021;861;125;https://www.chilemotos.com/moto/48770/
Yamaha FZN-150 2022;$1.650.000;2021;4500;148;https://www.chilemotos.com/moto/48806/
Susuki Gixxer SF;$2.600.000;2023;1700;155;https://www.chilemotos.com/moto/48821/
KTM DUKE 250;$2.800.000;2022;4500;250;https://www.chilemotos.com/moto/48835/
Mt10 2017;$9.150.000;2017;70000;1.000;https://www.chilemotos.com/moto/48857/
Vendo moto de nieve;$9.000.000;2011;68;800;https://www.chilemotos.com/moto/48610/
Venta Moto Haojue KA;$1.000.000;2022;4377;149;https://www.chilemotos.com/moto/48612/
kawasaki ninja 250;$2.100.000;2009;0;250;https://www.chilemotos.com/moto/48679/
MT03A año 2022;$4.599.000;2022;8000;321;https://www.chilemotos.com/moto/48713/
Vendo moto;$1.150.000;2022;3100;125;https://www.chilemotos.com/moto/48723/
Honda xr 150 2016;$1.300.000;2016;10696;150;https://www.chilemotos.com/moto/48448/
Vendo por renovación;$1.800.000;2021;33;190;https://www.chilemotos.com/moto/48483/
BMW GS310 2019;$4;2019;44000;313;https://www.chilemotos.com/moto/48491/
Haojue NK 150;$1.200.000;2021;9500;150;https://www.chilemotos.com/moto/48493/
moto zongshen rx3;$3.000.000;2019;15580;250;https://www.chilemotos.com/moto/48526/
Moto motorrad 2023;$1.800.000;2023;1112;150;https://www.chilemotos.com/moto/48185/
Honda cbr400r;$1.700.000;1986;90000;400;https://www.chilemotos.com/moto/48218/
Moto BMW F 700 GS motor 800 cc año 2018 impecable;$8.000.000;2018;50000;800;https://www.chilemotos.com/moto/48308/
KAWASAKI BRUTE FORCE 300;$4.900.000;2021;270;300;https://www.chilemotos.com/moto/48335/
TVS RTR 200 FI 4V 2022;$2.000.000;2022;160;198;https://www.chilemotos.com/moto/48352/
Moto Lifan tb125;$650.000;2020;17500;125;https://www.chilemotos.com/moto/48420/
KTM Duke 250 2018;$2.550.000;2017;8550;250;https://www.chilemotos.com/moto/47964/
YAMAHA R3A 2022;$4.900.000;2022;8900;321;https://www.chilemotos.com/moto/47974/
Moto de agua;$4.890.000;2000;0;1.200;https://www.chilemotos.com/moto/47976/
Vendo mi moto;$250;2020;300;166;https://www.chilemotos.com/moto/48003/
Voge 300ds;$3.000.000;2021;7000;300;https://www.chilemotos.com/moto/48110/
YAMAHA MT 03 2018 2.000 KM;$4.100.000;2018;2380;321;https://www.chilemotos.com/moto/48163/
2021 Lifan kpt 200;$2.100.000;2021;8600;200;https://www.chilemotos.com/moto/48168/
Suzuki Vstrom 1000;$7.800.000;2016;68900;1.000;https://www.chilemotos.com/moto/47898/
Muy poco uso;$1.800.000;2023;500;190;https://www.chilemotos.com/moto/47924/
kimco agility 16+ 200i modelo 2021;$1.600.000;2021;5000;200;https://www.chilemotos.com/moto/47931/
Honda CRF 450RL;$3.200.000;2021;5186;449;https://www.chilemotos.com/moto/47937/
Vendo moto scooters 150cc marca matrix;$800;2021;21000;150;https://www.chilemotos.com/moto/47943/
YAMAHA MT 03 A;$5.000.000;2022;7000;321;https://www.chilemotos.com/moto/47957/
YAMAHA MT 03 A;$5.000.000;2022;7000;321;https://www.chilemotos.com/moto/47960/
Moto Honda CB 190 R;$1.800.000;2022;8000;190;https://www.chilemotos.com/moto/47820/
Vendo moto honda cb1 tuff 125cc;$800.000;2021;4600;125;https://www.chilemotos.com/moto/47834/
BMW R1200GS Adventure K25;$11.000.000;2012;70;1.200;https://www.chilemotos.com/moto/47839/
Vendo moto;$2.250.000;2020;3300;250;https://www.chilemotos.com/moto/47849/
TAKASAKI A9 150 CC. 381 KM. 2019;$1.100.000;2019;381;150;https://www.chilemotos.com/moto/47858/
Xr 250 tornado;$1.500.000;2009;48000;250;https://www.chilemotos.com/moto/47880/
Se vende Moto Ns 200 Fi;$1.900.000;2022;20884;198;https://www.chilemotos.com/moto/47888/
Vendo Kawasaki Versys 650 2013;$4.500.000;2013;35000;649;https://www.chilemotos.com/moto/47891/
Vendo moto keeway K-light 202;$1.400.000;2021;7347;200;https://www.chilemotos.com/moto/47285/
Yamaha V Star;$3.200.000;2008;19909;1.299;https://www.chilemotos.com/moto/47786/
Yamaha XJ6N;$5.700.000;2012;16950;600;https://www.chilemotos.com/moto/47804/
KTM 1290 Super Adventure R;$18.500.000;2022;7819;1.289;https://www.chilemotos.com/moto/47815/
Vendo moto Yamaha fz 150;$1.500.000;2020;11800;150;https://www.chilemotos.com/moto/47232/
Venta Inazuma S impecable;$2.500.000;2016;28501;250;https://www.chilemotos.com/moto/47215/
kawasaki;$3.900.002;2023;172;230;https://www.chilemotos.com/moto/47196/
YAMAHA CYGNUS z;$650;2020;28;125;https://www.chilemotos.com/moto/47162/
se vende moto takasaki 125cc;;2013;0;125;https://www.chilemotos.com/moto/47149/
Yamaha xtz 150;$2.100.000;2021;8200;150;https://www.chilemotos.com/moto/47144/
Moto Yamaha 2021;$1;2021;10000;125;https://www.chilemotos.com/moto/47105/
ktm exc 125 2012;$2.600.000;2012;0;125;https://www.chilemotos.com/moto/47066/
Moto Honda V-Men;$1.100.000;2010;7400;125;https://www.chilemotos.com/moto/47019/
Moto Honda Xblade 160cc;$1.900.000;2022;360;160;https://www.chilemotos.com/moto/47005/
VENDO MI MOTO;$1.700.000;2022;2500;150;https://www.chilemotos.com/moto/46993/
Se vende moto Keeway;$1.800.000;2022;17000;200;https://www.chilemotos.com/moto/46984/
YAMAHA MT09 2021 EN PERFECTO ESTADO Y PAPELES AL DÍA;$9.200.000;2021;28000;900;https://www.chilemotos.com/moto/58043/
BMW G310 GS;$4.200.000;2021;16180;310;https://www.chilemotos.com/moto/58075/
Keeway rk 150;$750;2021;5;150;https://www.chilemotos.com/moto/58057/
CF Moto 700 CLX 2023;$4.100.000;2023;28;693;https://www.chilemotos.com/moto/58059/
CF moto 650 GT 2022;$4.500.000;2022;6300;650;https://www.chilemotos.com/moto/58050/
Vendo Moto deportiva por NO uso;$2.500.000;2021;2900;335;https://www.chilemotos.com/moto/58037/
KTM 390 DUKE;$5.300.000;2024;1800;399;https://www.chilemotos.com/moto/58029/
Triumph Tiger Adventure XCA 1.200 cc 2020 SIN detalles;$14.900.000;2020;31;1.200;https://www.chilemotos.com/moto/58025/
Vendo scooter por motivo de viaje;$1.600.000;2021;10700;125;https://www.chilemotos.com/moto/58002/
dominar 400 adv;$2.900.000;2023;31000;400;https://www.chilemotos.com/moto/57970/
Honda CB500X 2020 impecable. Único dueño;$5.990.000;2020;9700;500;https://www.chilemotos.com/moto/57957/
Vendo Zongshen RX3 de 400cc;$2.200.000;2022;34500;400;https://www.chilemotos.com/moto/57932/
Moto BMW GS 1200 – 2016;$12.750.000;2016;58;1.200;https://www.chilemotos.com/moto/57905/
Vendo Moto en Muy Buen Estado, Mantenciones y documentostos al dia;$2.700.000;2021;29505;310;https://www.chilemotos.com/moto/57896/
TIGER GT LOW 900;$10.200.000;2022;12000;900;https://www.chilemotos.com/moto/57892/
Honda Shadow 150 cc;$1.200.000;2020;24500;150;https://www.chilemotos.com/moto/57873/
Yamaha FZ250;$2.500.000;2023;3000;250;https://www.chilemotos.com/moto/57857/
Bmw f650 gs dakar 2007;$4.050.000;2007;50000;650;https://www.chilemotos.com/moto/57841/
SOLO 100 KM , 2 USOS, BMW F750 2023;$9.750.000;2023;100;750;https://www.chilemotos.com/moto/57821/
Vendo moto Vespa VXL 150 CC;$2.000.000;2020;0;150;https://www.chilemotos.com/moto/57801/
Vendo moto con muy poco kilometraje;$3.600.000;2020;10;300;https://www.chilemotos.com/moto/57790/
MOTORRAD TTX300;$780.000;2018;19000;300;https://www.chilemotos.com/moto/57775/
Vendo Moto ZONTES ZT155-U1;$1.890.000;2022;1200;155;https://www.chilemotos.com/moto/57763/
BMW G310 GS;$4.800.000;2022;681;310;https://www.chilemotos.com/moto/57741/
Yamaha Nmax 155;$1.750.000;2021;26500;155;https://www.chilemotos.com/moto/57725/
Benelli TNTi150 2024;$1.499.999;2024;2900;150;https://www.chilemotos.com/moto/57715/
Moto scooter electrica;$550.000;2015;0;50;https://www.chilemotos.com/moto/57710/
MOTO CASI NUEVA;$12.500.000;2024;4070;850;https://www.chilemotos.com/moto/57682/
VESPA VXL150;$2.900.000;2019;6700;150;https://www.chilemotos.com/moto/57671/
Moto lifan scooter vendo por motivos de viaje sin multas con mantenimientos recién en buen estado bien cuidada solo WhatsApp o correo;$800.000;2024;10000;150;https://www.chilemotos.com/moto/57660/
Vendo moto Yamaha impecable;$2.000;2024;19000;150;https://www.chilemotos.com/moto/57654/
Venta de NK 150CC;$1.750.000;2021;7826;150;https://www.chilemotos.com/moto/57650/
Honda Nc750x;$6.000.000;2019;40000;750;https://www.chilemotos.com/moto/57644/
Kawasaki Z650;$6.600.000;2019;7400;650;https://www.chilemotos.com/moto/57614/
Vendo por cambio de cilindrada;$2.990.000;2023;4000;400;https://www.chilemotos.com/moto/57602/
Venta de Moto;$1.000.000;2021;3000;125;https://www.chilemotos.com/moto/57562/
Yamaha Fz 3.0;$1.900.000;2022;19600;150;https://www.chilemotos.com/moto/57565/
Vendo por renovación;$4.700.000;2016;47735;650;https://www.chilemotos.com/moto/57544/
“Moto Corsa MG 500 2022 – Como Nueva, Top Case Incluido, Mantención Reciente”;$5.100.000;2022;505;500;https://www.chilemotos.com/moto/57529/
Vendo moto Honda Cb190r;$2.200.000;2023;13400;1.900;https://www.chilemotos.com/moto/57516/
Yamaha Vstar 250cc, con muchos extras y barata!!!!Full cuidado.;$3.300.000;2012;38000;250;https://www.chilemotos.com/moto/57468/
Moto Eléctrica Dayi E-odin 2.0 – 3200 Km + Accesorios;$3.500.000;2022;3200;150;https://www.chilemotos.com/moto/57451/
Keeway RK150 40mil semanal;$40.000;2022;22000;150;https://www.chilemotos.com/moto/57442/
Preciosa Moto BMW 2017;$4.200.000;2017;22500;313;https://www.chilemotos.com/moto/57435/
Vendo zongshen rx3;$2.600.000;2021;28000;250;https://www.chilemotos.com/moto/57421/
Moto R15 v3;$2.650.000;2021;30;150;https://www.chilemotos.com/moto/57406/
Se vende Honda CB 125F Twister;$950.000;2022;25;125;https://www.chilemotos.com/moto/57398/
Vendo mi Moto Loncin color Blanco nueva (sin uso).;$2.450.000;2023;31;250;https://www.chilemotos.com/moto/57369/
Vendo moto en excelentes condiciones;$8.000.000;2019;13;900;https://www.chilemotos.com/moto/57337/
Venta Honda Navy;$1.100.000;2022;736;100;https://www.chilemotos.com/moto/57336/
LIFAN KPF150 | LF150-10F;$1.350.000;2023;10;150;https://www.chilemotos.com/moto/57307/
Moto semi nueva;$2.200.000;2023;1514;250;https://www.chilemotos.com/moto/57232/
Gran oportunidad moto 0 kilometros;$3.700.000;2021;0;310;https://www.chilemotos.com/moto/57167/
Moto Aprilia 2008 (excelente estado);$3.100.000;2008;19700;660;https://www.chilemotos.com/moto/57158/
Vendo moto BMW G310 GS;$3.800.000;2019;36;310;https://www.chilemotos.com/moto/57135/
Vendo Benelli TRK 251;$3.800.000;2021;9000;250;https://www.chilemotos.com/moto/57139/
Yamaha XTZ 150-2 2023;$1.700.000;2023;7700;150;https://www.chilemotos.com/moto/57100/
TTX 250 2021 en Concepción | Se vende Moto TTX 250 marca Motorrad en excelente estado;$1.350.000;2021;18490;250;https://www.chilemotos.com/moto/57089/
YAMAHA SUPER TENNERE 1200NUEVA EQUIPADA 500 KM.;$16.750.000;2023;535;1.200;https://www.chilemotos.com/moto/57082/
Vendo Dominar 250 por no uso;$2.500.000;2022;5000;250;https://www.chilemotos.com/moto/57078/
Excelente oportunidad;$2.900.000;2022;6417;250;https://www.chilemotos.com/moto/57053/
Pulsar Ns 200 181KM / 2024!;$2.350.000;2024;181;200;https://www.chilemotos.com/moto/57017/
BMW F 800;$8;2013;15200;800;https://www.chilemotos.com/moto/57013/
Honda Xblade 160;$1.550.000;2022;20000;159;https://www.chilemotos.com/moto/56998/
Zontes zt310x, 2020 perfecto estado;$2.600.000;2020;15956;310;https://www.chilemotos.com/moto/56986/
Yamaha R3 2020 con accesorios;$4.750.000;2020;9500;300;https://www.chilemotos.com/moto/56929/
BMW GS1200 Adventure II;$14.500.000;2019;46500;1.200;https://www.chilemotos.com/moto/56923/
Yamaha yz 85 2023;$3.450.000;2023;60;85;https://www.chilemotos.com/moto/56919/
Vendo FZ25;$2.400.000;2022;7500;250;https://www.chilemotos.com/moto/56908/
Yamaha midnight 950 cc;$7.300.000;2014;56000;950;https://www.chilemotos.com/moto/56886/
Honda CB500X 2017;$4.800.000;2017;21500;500;https://www.chilemotos.com/moto/56864/
Bajaj Dominar 250;$2.400.000;2021;12400;250;https://www.chilemotos.com/moto/56860/
Royal Enfield Meteor 350 Supernova 2024;$3.200.000;2024;4800;349;https://www.chilemotos.com/moto/56848/
Yamaha Bolt 950;$7.200.000;2016;46;950;https://www.chilemotos.com/moto/56839/
Por cambio de cilindrada;$4.800.000;2023;5700;500;https://www.chilemotos.com/moto/56816/
Giler Runner VX200 Impecable;$1.700.000;2008;1000;200;https://www.chilemotos.com/moto/56811/
BMW F850 GS I prácticamente nueva;$12.500.000;2024;2100;850;https://www.chilemotos.com/moto/56785/
Yamaha Enticer Papeles al Dia;$900.000;2013;10000;125;https://www.chilemotos.com/moto/56763/
vendo moto zontes;$3.400.000;2023;3000;312;https://www.chilemotos.com/moto/56756/
Vendo por no uso;$5.000.000;2017;43944;500;https://www.chilemotos.com/moto/56745/
Moto Vintage 700 cc;$7.590.000;2024;0;700;https://www.chilemotos.com/moto/56739/
Se vende Moto Excelente estado;$3.500.000;2021;9999;289;https://www.chilemotos.com/moto/56691/
Pulsar 200ns fi ABS, por no uso;$1.600.000;2021;31000;200;https://www.chilemotos.com/moto/56662/
Excelente Triumph speed 400 en venta por cambio a trail;$4.200.000;2024;5500;400;https://www.chilemotos.com/moto/56621/
Gilera gp800 2009;$4.399.000;2009;44000;800;https://www.chilemotos.com/moto/56594/
Se vende prácticamente nueva;$1.550.000;2023;1220;150;https://www.chilemotos.com/moto/56573/
BMW F850 GS Triple Black;$11.500.000;2024;2500;850;https://www.chilemotos.com/moto/56555/
Vendo Moto;$5.500.000;2003;113000;1.150;https://www.chilemotos.com/moto/56528/
Kawasaki vulcan Nomad 1700cc año 2012;$12.000.000;2012;74000;1.700;https://www.chilemotos.com/moto/56497/
Honda Shadow 150 Nueva;$1.800.000;2023;0;150;https://www.chilemotos.com/moto/56492/
Honda xblade 160 impecable;$1.850.000;2022;400;160;https://www.chilemotos.com/moto/56477/
Moto Yamaha YBR 125 Z;$1.500.000;2021;213;125;https://www.chilemotos.com/moto/56470/
Harley Davidson Pan America special S 2022 Negra;$21.500.000;2022;19125;1.250;https://www.chilemotos.com/moto/56455/
2023 Triumph Tiger 900 Gt Pro;$12.000.000;2023;1000;900;https://www.chilemotos.com/moto/56445/
Moto suzuki gixxer fi 150;$1.200.000;2017;42300;150;https://www.chilemotos.com/moto/56439/
Liquido yamaha yz450fx;$3.200.000;2018;100;450;https://www.chilemotos.com/moto/56435/
Yamaha Kodiak 450;$8.500.000;2022;30;449;https://www.chilemotos.com/moto/56427/
¡No la Dejes Escapar! Moto Impecable a Precio Increíble;$9.000.000;2022;13000;850;https://www.chilemotos.com/moto/56407/
Ktm rc200, 2020 como nueva;$2.500.000;2020;4900;200;https://www.chilemotos.com/moto/56359/
yamaha t max 500;$3.500.000;2008;20;500;https://www.chilemotos.com/moto/56351/
yamaha t max 500;$4.000.000;2010;37000;500;https://www.chilemotos.com/moto/56348/
Benelli trk 502;$5.250.000;2020;30000;500;https://www.chilemotos.com/moto/56323/
Triumph Tiger 800 Xrx;$8.500.000;2018;44000;800;https://www.chilemotos.com/moto/56314/
Vendo moto Lifan LF200-10R;$1.500.000;2023;13000;198;https://www.chilemotos.com/moto/56282/
Ducati Multistrada 1200 S Pikes Peak;$7.800.000;2013;56800;1.200;https://www.chilemotos.com/moto/56288/
Moto KTM;$4.950.000;2023;300;250;https://www.chilemotos.com/moto/56272/
Moto scooter honda dio;$1.290.000;2022;100000;115;https://www.chilemotos.com/moto/56267/
Motocicleta Voge 500 DSX NEGRA AÑO 2023;$4.300.000;2023;9350;471;https://www.chilemotos.com/moto/56257/
BMW R 1200 Rt 2013;$11.000.000;2013;86000;1.200;https://www.chilemotos.com/moto/56253/
Euromot Vintage 150;$800.000;2022;5800;150;https://www.chilemotos.com/moto/56229/
Moto Yz450FX;$5.200.000;2021;120;450;https://www.chilemotos.com/moto/56210/
Honda Elite 2019;$1.400.000;2019;7800;125;https://www.chilemotos.com/moto/56206/
Susuki AN125;$650.000;2015;9761;125;https://www.chilemotos.com/moto/56201/
Vendo Moto Honda CBF 125 Twister;$1.300.000;2020;375;125;https://www.chilemotos.com/moto/56196/
Kawasaki Z400 año 2022;$4.100.000;2022;24000;400;https://www.chilemotos.com/moto/56187/
Se vende moto keeway;$800;2018;36;200;https://www.chilemotos.com/moto/56145/
Moto Honda CB650R Naked;$8.200.000;2023;7600;650;https://www.chilemotos.com/moto/56141/
Yamaha MT-03 2023 | 3,300 KMs | Perfecto Estado | Negra | $4,800,000;$4.800.000;2023;3299;321;https://www.chilemotos.com/moto/56079/
HONDA VFR CROSSRUNNER 800;$5.700.000;2012;48;800;https://www.chilemotos.com/moto/56072/
vendo moto nueva con menos de mil kilometros con cascos valorados en 800.000 de regalo;$3.500.000;2022;900;300;https://www.chilemotos.com/moto/56047/
MOTOS SIDECAR;$15.590.000;2024;-35;700;https://www.chilemotos.com/moto/56041/
VENDO MOTO LIFAN NUEVA;$2.100.000;2023;50;250;https://www.chilemotos.com/moto/56035/
Moto eléctrica OneCool m6 como nueva!;$1.500.000;2022;500;150;https://www.chilemotos.com/moto/56002/
LIFAN KP 250 3R;$1.250.000;2021;21500;250;https://www.chilemotos.com/moto/55973/
Moto a la venta;$1.100.000;2022;16;125;https://www.chilemotos.com/moto/55960/
Moto Royal Enfield;$3.200.000;2022;350;350;https://www.chilemotos.com/moto/55901/
Scooter Honda Elite Fi;$1.350.000;2019;12;125;https://www.chilemotos.com/moto/55871/
Himalayan 2021;$2.990.000;2021;22000;411;https://www.chilemotos.com/moto/55837/
Ducati Scrambler Icon 800;$7.980.000;2019;9294;800;https://www.chilemotos.com/moto/55815/
KTM 390 ADVENTURE 2022;$4.000.000;2022;9299;389;https://www.chilemotos.com/moto/55814/
harley davidson Breakout 114;$21.500.000;2020;10438;1.851;https://www.chilemotos.com/moto/55707/
BMW S1000R 2023 poco uso;$16.000.000;2023;3000;1.000;https://www.chilemotos.com/moto/55687/
Triumph Tiger 800 XCA;$8.500.000;2019;64000;800;https://www.chilemotos.com/moto/55636/
Mororrad CG 150, 3mil km;$550.000;2021;3000;150;https://www.chilemotos.com/moto/55667/
VENDO VESPA PRIMAVERA 2019;$3.500.000;2019;2754;125;https://www.chilemotos.com/moto/55659/
vendo solo por necesidad mi motora;$1.300.000;2021;45000;150;https://www.chilemotos.com/moto/55602/
FZ25;$2.700.000;2023;4500;250;https://www.chilemotos.com/moto/55597/
Yamaha super tenere 1200;$11.900.000;2022;17500;1.200;https://www.chilemotos.com/moto/55590/
Yamaha Tracer 9;$12.000.000;2023;500;890;https://www.chilemotos.com/moto/55584/
Bajaj pulsar Ns200;$2.000.000;2024;2800;200;https://www.chilemotos.com/moto/55580/
Vendo mi moto;$5.200.000;2022;12000;300;https://www.chilemotos.com/moto/55572/
Honda CB 500 FA;$5.000.000;2018;3469;500;https://www.chilemotos.com/moto/55566/
Honda Elite;$1.400.000;2024;400;125;https://www.chilemotos.com/moto/55562/
Moto BMW GTL-1600;$17.990.000;2020;23000;1.600;https://www.chilemotos.com/moto/55558/
Yamaha Grizzly 300;$2.500.000;2012;0;300;https://www.chilemotos.com/moto/55533/
Desarmaduria Joel Motos y Scooter;$5.000;2010;1;150;https://www.chilemotos.com/moto/55502/
SUZUKI GSXR150 AÑO 2021;$2.700.000;2021;14;150;https://www.chilemotos.com/moto/55486/
HONDA CB500X 2020;$5.700.000;2020;23700;500;https://www.chilemotos.com/moto/55467/
Bajaj Dominar 400;$3.100.000;2023;14500;400;https://www.chilemotos.com/moto/55453/
DUCATI STREETFIGHTER V4S;$19.600.000;2020;20000;1.100;https://www.chilemotos.com/moto/55444/
Vendo moto;$1.400.000;2018;26800;150;https://www.chilemotos.com/moto/55431/
HONDA NAVI;$1.449.000;2021;2157;1.000;https://www.chilemotos.com/moto/55409/
Vendo mi moto;$1.900.000;2022;4000;350;https://www.chilemotos.com/moto/55389/
cuadrimoto can am 2021;$8;2021;119;570;https://www.chilemotos.com/moto/55397/
Inigualable Muy poco Uso Honda Deauville 650;$6.500.000;2009;25000;650;https://www.chilemotos.com/moto/55372/
Inigualable Muy poco Uso Honda Deauville 650;$5.900.000;2009;25000;650;https://www.chilemotos.com/moto/55368/
Honda Elite 125;$590.000;2007;4100;125;https://www.chilemotos.com/moto/55348/
Bajaj Dominar 400cc Aventur;$2.899.439;2023;49540;400;https://www.chilemotos.com/moto/55338/
Gixxer 150 FRF;$2.599.900;2024;-1;150;https://www.chilemotos.com/moto/55298/
BENELLI TNT 250n;$1.900.000;2022;8800;250;https://www.chilemotos.com/moto/54828/
BMW S1000 XR;$11.000.000;2016;32000;1.000;https://www.chilemotos.com/moto/54844/
TVS APACHE RR310;$3.200.000;2023;7000;310;https://www.chilemotos.com/moto/54851/
Keeway superlight 200;$1.500.000;2024;2900;200;https://www.chilemotos.com/moto/54857/
Vendo mi moto por cambio cilindrada;$6.000.000;2020;28000;500;https://www.chilemotos.com/moto/54879/
Royal Enfield Interceptor 650;$5.100.000;2022;18000;647;https://www.chilemotos.com/moto/54918/
Vendo deportiva voge 300r muy buen estado;$1.790.000;2022;13000;300;https://www.chilemotos.com/moto/54923/
Suzuki Gixxer 150 GS;$1.280.000;2021;3164;150;https://www.chilemotos.com/moto/55000/
Suzuki 125;$2.890.000;2019;31256;124;https://www.chilemotos.com/moto/55006/
Oportunidad, Moto honda 500X a solo 5.400.000¡¡¡;$5.400.000;2019;9000;500;https://www.chilemotos.com/moto/55018/
Royal Enfield Meteor 350;$2.800.000;2022;6000;349;https://www.chilemotos.com/moto/55041/
Vendo Dominar 400UG;$2.300.000;2021;20200;373;https://www.chilemotos.com/moto/55064/
honda;$2.200.000;2000;200;200;https://www.chilemotos.com/moto/55071/
se vende moto vespa;$3.200.000;2013;56000;300;https://www.chilemotos.com/moto/55077/
Royal Enfield Continental GT 650 año 2022 impecable;$4.500.000;2022;5900;650;https://www.chilemotos.com/moto/55245/
Moto de nieve ATV;$6.300.000;2017;2500;850;https://www.chilemotos.com/moto/55225/
BMW gs 750 motor 850cc;$9.500.000;2022;1800;850;https://www.chilemotos.com/moto/54970/
Vendo moto HONDA CB500X;$5.600.000;2017;49200;500;https://www.chilemotos.com/moto/55045/
Yamaha Midnight Star 950;$7.000.000;2015;30000;950;https://www.chilemotos.com/moto/55031/
Honda X Blade 2024;$2.000.000;2024;35;160;https://www.chilemotos.com/moto/55027/
Triumph Thruxton 2016;$6.990.000;2016;7000;900;https://www.chilemotos.com/moto/54990/
Ténéré 700, 2021;$9.700.000;2021;17200;700;https://www.chilemotos.com/moto/54984/
Honda CBR500;$4.650.000;2018;32;500;https://www.chilemotos.com/moto/54959/
HODA NC750XD AUTOMATICA;$6.600.000;2018;5200;749;https://www.chilemotos.com/moto/54913/
2018 Zongshen Rx3;$2.800.000;2018;27;250;https://www.chilemotos.com/moto/54903/
Gran oportunidad;$3.000.000;2022;690;350;https://www.chilemotos.com/moto/54893/
Vendo mi moto;$1.500.000;2023;1443;1;https://www.chilemotos.com/moto/54884/
Honda Shadow 150 – 2020;$1.500.000;2020;3054;150;https://www.chilemotos.com/moto/54875/
Vendo Meteor 350 Conversable;$2.599.999;2022;16500;349;https://www.chilemotos.com/moto/54871/
Vendo Moto 45 kilómetros;$1.800.000;2022;45;160;https://www.chilemotos.com/moto/54866/
Venta;$3.150.000;2024;0;250;https://www.chilemotos.com/moto/54831/
KTM 390 Adventure 2021;$4.000.000;2021;50000;390;https://www.chilemotos.com/moto/54823/
Vespa VXL 150 CC;$3.400.000;2022;368;149;https://www.chilemotos.com/moto/54805/
Venta de Moto con todo su Equipo;$4.700.000;2013;98;800;https://www.chilemotos.com/moto/54753/
Vendo Moto Yamaha XTZ 150 año 2022;$1.990.000;2022;1430;150;https://www.chilemotos.com/moto/54731/
oportunidad Yamaha R15 año 2015;$1.500.000;2015;50000;150;https://www.chilemotos.com/moto/54700/
Venta Moto Apache 200;$3.200.000;2024;1;200;https://www.chilemotos.com/moto/54683/
Se vende moto;$2.650.000;2023;4005;250;https://www.chilemotos.com/moto/54638/
Yamaha NMAX;$2.090.000;2020;16500;155;https://www.chilemotos.com/moto/54663/
Yamaha NMax 155 año 2020 Excelente Estado;$2.050.000;2020;15300;155;https://www.chilemotos.com/moto/54659/
Regal Raptor;$930.000;2016;27500;150;https://www.chilemotos.com/moto/54651/
Se vende por renovación;$1.300.000;2021;31800;150;https://www.chilemotos.com/moto/54598/
Suzuki Moto Nueva;$1.999.000;2022;335;150;https://www.chilemotos.com/moto/54628/
s 1000r;$13.990.000;2023;12000;1.000;https://www.chilemotos.com/moto/54609/
Honda Navi 2022;$1.200.000;2022;5200;110;https://www.chilemotos.com/moto/54601/
Honda Tornado XR 250 2012;$2.600.000;2012;49500;250;https://www.chilemotos.com/moto/54586/
Zontes V310;$3.300.000;2022;25000;310;https://www.chilemotos.com/moto/53976/
2022 Yamaha MT03 Nueva 147 km;$4.800.000;2022;147;321;https://www.chilemotos.com/moto/53964/
TVS Apache RTR 200;$1.300.000;2023;2499;200;https://www.chilemotos.com/moto/53932/
Yamaha Raptor YFM350R;$3.800.000;2013;0;350;https://www.chilemotos.com/moto/53883/
Moto Honda PCX 150 del 2017;$2.000.000;2017;6500;150;https://www.chilemotos.com/moto/53863/
Moto Haouje;$1.600.000;2022;3712;160;https://www.chilemotos.com/moto/53793/
Oferta unica;$1.100.000;2022;1080;125;https://www.chilemotos.com/moto/53810/
BMW F800 GS;$6.500.000;2012;73999;800;https://www.chilemotos.com/moto/53782/
Se vende Vespa a muy buen precio;$2.500.000;2023;800;150;https://www.chilemotos.com/moto/53757/
Moto, maca Motorrad;$1.550.000;2023;3111;335;https://www.chilemotos.com/moto/53753/
2014 Honda CB500X;$4.290.000;2014;14333;500;https://www.chilemotos.com/moto/53722/
BMW F800 GS;$9.100.000;2016;17000;800;https://www.chilemotos.com/moto/53717/
